{"FileName": "1805.jpg", "NumOfAnno": 3, "Annotations": [{"isProtected": false, "ID": 9342941522608172, "BoundingBox": [728, 180, 853, 336], "classname": "face_with_mask", "Confidence": 1, "Attributes": {}}, {"isProtected": false, "ID": 309417090748452160, "BoundingBox": [737, 249, 831, 320], "classname": "mask_surgical", "Confidence": 1, "Attributes": {}}, {"isProtected": false, "ID": 456958880830800064, "BoundingBox": [703, 164, 877, 277], "classname": "hat", "Confidence": 1, "Attributes": {}}]}