{"FileName": "1806.jpg", "NumOfAnno": 3, "Annotations": [{"isProtected": false, "ID": 55992028271132480, "BoundingBox": [509, 184, 617, 313], "classname": "face_with_mask", "Confidence": 1, "Attributes": {}}, {"isProtected": false, "ID": 483683095171712704, "BoundingBox": [545, 233, 610, 298], "classname": "mask_surgical", "Confidence": 1, "Attributes": {}}, {"isProtected": false, "ID": 138993398766151024, "BoundingBox": [546, 216, 611, 252], "classname": "eyeglasses", "Confidence": 1, "Attributes": {}}]}