{"FileName": "1810.jpg", "NumOfAnno": 12, "Annotations": [{"isProtected": false, "ID": 358602113107519552, "BoundingBox": [99, 212, 233, 373], "classname": "face_with_mask_incorrect", "Confidence": 1, "Attributes": {}}, {"isProtected": false, "ID": 196671362884815680, "BoundingBox": [363, 189, 478, 343], "classname": "face_with_mask", "Confidence": 1, "Attributes": {}}, {"isProtected": false, "ID": 172886745281646368, "BoundingBox": [581, 198, 693, 317], "classname": "face_with_mask", "Confidence": 1, "Attributes": {}}, {"isProtected": false, "ID": 298124074465591296, "BoundingBox": [773, 228, 863, 338], "classname": "face_with_mask", "Confidence": 1, "Attributes": {}}, {"isProtected": false, "ID": 72017007939024104, "BoundingBox": [875, 231, 954, 328], "classname": "face_with_mask_incorrect", "Confidence": 1, "Attributes": {}}, {"isProtected": false, "ID": 302120286279792256, "BoundingBox": [915, 264, 949, 290], "classname": "eyeglasses", "Confidence": 1, "Attributes": {}}, {"isProtected": false, "ID": 120546996249230368, "BoundingBox": [646, 217, 691, 246], "classname": "eyeglasses", "Confidence": 1, "Attributes": {}}, {"isProtected": false, "ID": 978700421395438592, "BoundingBox": [884, 279, 925, 316], "classname": "mask_surgical", "Confidence": 1, "Attributes": {}}, {"isProtected": false, "ID": 450951628012023360, "BoundingBox": [789, 289, 851, 328], "classname": "mask_surgical", "Confidence": 1, "Attributes": {}}, {"isProtected": false, "ID": 237006752132686848, "BoundingBox": [607, 247, 672, 308], "classname": "mask_surgical", "Confidence": 1, "Attributes": {}}, {"isProtected": false, "ID": 471756672924007488, "BoundingBox": [395, 274, 467, 329], "classname": "mask_surgical", "Confidence": 1, "Attributes": {}}, {"isProtected": false, "ID": 966035520917192832, "BoundingBox": [109, 285, 217, 362], "classname": "mask_surgical", "Confidence": 1, "Attributes": {}}]}