{"FileName": "1812.jpg", "NumOfAnno": 10, "Annotations": [{"isProtected": false, "ID": 453889768950184064, "BoundingBox": [636, 47, 711, 133], "classname": "face_with_mask", "Confidence": 1, "Attributes": {}}, {"isProtected": false, "ID": 747804478600668032, "BoundingBox": [465, 52, 581, 189], "classname": "face_with_mask", "Confidence": 1, "Attributes": {}}, {"isProtected": false, "ID": 85329976903809280, "BoundingBox": [468, 123, 537, 194], "classname": "mask_surgical", "Confidence": 1, "Attributes": {}}, {"isProtected": false, "ID": 488472155310510720, "BoundingBox": [636, 86, 691, 137], "classname": "mask_surgical", "Confidence": 1, "Attributes": {}}, {"isProtected": false, "ID": 798900869442082432, "BoundingBox": [636, 78, 679, 107], "classname": "eyeglasses", "Confidence": 1, "Attributes": {}}, {"isProtected": false, "ID": 730368672754763520, "BoundingBox": [241, 102, 292, 169], "classname": "face_with_mask", "Confidence": 1, "Attributes": {}}, {"isProtected": false, "ID": 436335473882632064, "BoundingBox": [240, 130, 271, 164], "classname": "mask_colorful", "Confidence": 1, "Attributes": {}}, {"isProtected": false, "ID": 437679455642348352, "BoundingBox": [91, 125, 148, 183], "classname": "face_no_mask", "Confidence": 1, "Attributes": {}}, {"isProtected": false, "ID": 772064630378872832, "BoundingBox": [157, 124, 190, 173], "classname": "face_no_mask", "Confidence": 1, "Attributes": {}}, {"isProtected": false, "ID": 22151128559149580, "BoundingBox": [910, 143, 936, 178], "classname": "face_no_mask", "Confidence": 1, "Attributes": {}}]}