{"FileName": "1817.jpg", "NumOfAnno": 4, "Annotations": [{"isProtected": false, "ID": 552246351023943808, "BoundingBox": [382, 47, 511, 244], "classname": "face_other_covering", "Confidence": 1, "Attributes": {}}, {"isProtected": false, "ID": 659227599652980224, "BoundingBox": [339, 27, 517, 249], "classname": "helmet", "Confidence": 1, "Attributes": {}}, {"isProtected": false, "ID": 184480596229846464, "BoundingBox": [401, 118, 483, 150], "classname": "sunglasses", "Confidence": 1, "Attributes": {}}, {"isProtected": false, "ID": 117395959401479840, "BoundingBox": [405, 110, 502, 155], "classname": "sunglasses", "Confidence": 1, "Attributes": {}}]}