{"FileName": "1821.jpg", "NumOfAnno": 7, "Annotations": [{"isProtected": false, "ID": 274087716339657568, "BoundingBox": [518, 137, 623, 259], "classname": "face_with_mask", "Confidence": 1, "Attributes": {}}, {"isProtected": false, "ID": 599922951416355584, "BoundingBox": [432, 104, 523, 214], "classname": "face_with_mask", "Confidence": 1, "Attributes": {}}, {"isProtected": false, "ID": 548436546297173760, "BoundingBox": [130, 136, 227, 240], "classname": "face_other_covering", "Confidence": 1, "Attributes": {}}, {"isProtected": false, "ID": 172080921002457536, "BoundingBox": [140, 166, 215, 236], "classname": "scarf_bandana", "Confidence": 1, "Attributes": {}}, {"isProtected": false, "ID": 205266203796709248, "BoundingBox": [438, 148, 509, 209], "classname": "mask_surgical", "Confidence": 1, "Attributes": {}}, {"isProtected": false, "ID": 372882477397366656, "BoundingBox": [527, 184, 597, 248], "classname": "mask_surgical", "Confidence": 1, "Attributes": {}}, {"isProtected": false, "ID": 413123923341469632, "BoundingBox": [25, 111, 51, 140], "classname": "face_no_mask", "Confidence": 1, "Attributes": {}}]}