{"FileName": "1822.jpg", "NumOfAnno": 3, "Annotations": [{"isProtected": false, "ID": 260640944262196864, "BoundingBox": [510, 2, 708, 213], "classname": "face_with_mask", "Confidence": 1, "Attributes": {}}, {"isProtected": false, "ID": 667730727560255488, "BoundingBox": [521, 89, 679, 200], "classname": "mask_surgical", "Confidence": 1, "Attributes": {}}, {"isProtected": false, "ID": 811180985565330688, "BoundingBox": [518, 1, 718, 50], "classname": "hair_net", "Confidence": 1, "Attributes": {}}]}