{"FileName": "1823.jpg", "NumOfAnno": 3, "Annotations": [{"isProtected": false, "ID": 178087651047800544, "BoundingBox": [386, 76, 545, 285], "classname": "face_with_mask", "Confidence": 1, "Attributes": {}}, {"isProtected": false, "ID": 991131093876509568, "BoundingBox": [409, 171, 537, 272], "classname": "mask_surgical", "Confidence": 1, "Attributes": {}}, {"isProtected": false, "ID": 542640724665916160, "BoundingBox": [418, 136, 538, 187], "classname": "sunglasses", "Confidence": 1, "Attributes": {}}]}