{"FileName": "1824.jpeg", "NumOfAnno": 4, "Annotations": [{"isProtected": false, "ID": 52150501965833816, "BoundingBox": [90, 78, 301, 307], "classname": "face_other_covering", "Confidence": 1, "Attributes": {}}, {"isProtected": false, "ID": 756459893445439744, "BoundingBox": [94, 4, 323, 203], "classname": "helmet", "Confidence": 1, "Attributes": {}}, {"isProtected": false, "ID": 421248359047708544, "BoundingBox": [96, 122, 249, 196], "classname": "goggles", "Confidence": 1, "Attributes": {}}, {"isProtected": false, "ID": 606735188485329664, "BoundingBox": [93, 114, 254, 223], "classname": "face_shield", "Confidence": 1, "Attributes": {}}]}