{"FileName": "1825.jpg", "NumOfAnno": 4, "Annotations": [{"isProtected": false, "ID": 132895330921482640, "BoundingBox": [374, 90, 459, 180], "classname": "face_with_mask", "Confidence": 1, "Attributes": {}}, {"isProtected": false, "ID": 131923758313315488, "BoundingBox": [161, 138, 235, 224], "classname": "face_with_mask", "Confidence": 1, "Attributes": {}}, {"isProtected": false, "ID": 900453909009790208, "BoundingBox": [383, 115, 434, 168], "classname": "mask_surgical", "Confidence": 1, "Attributes": {}}, {"isProtected": false, "ID": 749036637822548480, "BoundingBox": [191, 167, 232, 214], "classname": "mask_surgical", "Confidence": 1, "Attributes": {}}]}