{"FileName": "1826.jpg", "NumOfAnno": 6, "Annotations": [{"isProtected": false, "ID": 888609008949766656, "BoundingBox": [1485, 13, 2433, 1163], "classname": "face_with_mask", "Confidence": 1, "Attributes": {}}, {"isProtected": false, "ID": 388171586824124544, "BoundingBox": [969, 172, 1375, 631], "classname": "face_with_mask", "Confidence": 1, "Attributes": {}}, {"isProtected": false, "ID": 259279724382321600, "BoundingBox": [1533, 488, 2420, 1146], "classname": "mask_colorful", "Confidence": 1, "Attributes": {}}, {"isProtected": false, "ID": 271795069790963008, "BoundingBox": [1013, 335, 1337, 585], "classname": "mask_colorful", "Confidence": 1, "Attributes": {}}, {"isProtected": false, "ID": 133990353564719888, "BoundingBox": [1013, 258, 1296, 405], "classname": "sunglasses", "Confidence": 1, "Attributes": {}}, {"isProtected": false, "ID": 985019332641718528, "BoundingBox": [973, 118, 1348, 262], "classname": "hat", "Confidence": 1, "Attributes": {}}]}