{"FileName": "1827.jpg", "NumOfAnno": 3, "Annotations": [{"isProtected": false, "ID": 507641827178008192, "BoundingBox": [477, 186, 677, 418], "classname": "face_no_mask", "Confidence": 1, "Attributes": {}}, {"isProtected": false, "ID": 961006583022395904, "BoundingBox": [156, 191, 375, 414], "classname": "face_with_mask", "Confidence": 1, "Attributes": {}}, {"isProtected": false, "ID": 560352897808216640, "BoundingBox": [189, 277, 370, 408], "classname": "mask_surgical", "Confidence": 1, "Attributes": {}}]}