{"FileName": "1830.jpg", "NumOfAnno": 3, "Annotations": [{"isProtected": false, "ID": 846554136064115072, "BoundingBox": [263, 208, 527, 542], "classname": "face_other_covering", "Confidence": 1, "Attributes": {}}, {"isProtected": false, "ID": 458065180236839616, "BoundingBox": [295, 314, 491, 395], "classname": "eyeglasses", "Confidence": 1, "Attributes": {}}, {"isProtected": false, "ID": 156527587682385056, "BoundingBox": [150, 148, 661, 565], "classname": "hijab_niqab", "Confidence": 1, "Attributes": {}}]}