{"FileName": "1833.jpg", "NumOfAnno": 10, "Annotations": [{"isProtected": false, "ID": 298572932255629760, "BoundingBox": [339, 160, 447, 277], "classname": "face_with_mask", "Confidence": 1, "Attributes": {}}, {"isProtected": false, "ID": 967636047781896320, "BoundingBox": [4, 0, 88, 121], "classname": "face_with_mask", "Confidence": 1, "Attributes": {}}, {"isProtected": false, "ID": 608049474462296832, "BoundingBox": [345, 222, 401, 272], "classname": "mask_surgical", "Confidence": 1, "Attributes": {}}, {"isProtected": false, "ID": 877639646633464192, "BoundingBox": [12, 68, 76, 111], "classname": "mask_surgical", "Confidence": 1, "Attributes": {}}, {"isProtected": false, "ID": 792011639787141632, "BoundingBox": [339, 162, 467, 242], "classname": "turban", "Confidence": 1, "Attributes": {}}, {"isProtected": false, "ID": 808190608945917184, "BoundingBox": [5, 0, 115, 82], "classname": "turban", "Confidence": 1, "Attributes": {}}, {"isProtected": false, "ID": 572489092376149184, "BoundingBox": [287, 238, 334, 308], "classname": "face_no_mask", "Confidence": 1, "Attributes": {}}, {"isProtected": false, "ID": 255839574842754208, "BoundingBox": [177, 336, 249, 404], "classname": "face_no_mask", "Confidence": 1, "Attributes": {}}, {"isProtected": false, "ID": 707750787268727808, "BoundingBox": [313, 0, 398, 60], "classname": "turban", "Confidence": 1, "Attributes": {}}, {"isProtected": false, "ID": 323498865864844672, "BoundingBox": [310, 1, 351, 52], "classname": "face_other_covering", "Confidence": 1, "Attributes": {}}]}