{"FileName": "1834.jpg", "NumOfAnno": 3, "Annotations": [{"isProtected": false, "ID": 428981780077933888, "BoundingBox": [472, 52, 633, 286], "classname": "face_other_covering", "Confidence": 1, "Attributes": {}}, {"isProtected": false, "ID": 399418749790994112, "BoundingBox": [481, 103, 627, 265], "classname": "face_other_covering", "Confidence": 1, "Attributes": {}}, {"isProtected": false, "ID": 568841015998060032, "BoundingBox": [487, 165, 618, 258], "classname": "scarf_bandana", "Confidence": 1, "Attributes": {}}]}