{"FileName": "1835.jpg", "NumOfAnno": 14, "Annotations": [{"isProtected": false, "ID": 959307407525558400, "BoundingBox": [656, 78, 764, 211], "classname": "face_with_mask", "Confidence": 1, "Attributes": {}}, {"isProtected": false, "ID": 265209326382759520, "BoundingBox": [656, 140, 728, 212], "classname": "mask_surgical", "Confidence": 1, "Attributes": {}}, {"isProtected": false, "ID": 260778065755369536, "BoundingBox": [383, 217, 450, 285], "classname": "mask_surgical", "Confidence": 1, "Attributes": {}}, {"isProtected": false, "ID": 588369355156521216, "BoundingBox": [383, 140, 494, 289], "classname": "face_with_mask", "Confidence": 1, "Attributes": {}}, {"isProtected": false, "ID": 16871020710245932, "BoundingBox": [648, 126, 729, 160], "classname": "eyeglasses", "Confidence": 1, "Attributes": {}}, {"isProtected": false, "ID": 151752628714009408, "BoundingBox": [386, 143, 518, 314], "classname": "hijab_niqab", "Confidence": 1, "Attributes": {}}, {"isProtected": false, "ID": 549599242875577472, "BoundingBox": [754, 130, 807, 192], "classname": "face_with_mask", "Confidence": 1, "Attributes": {}}, {"isProtected": false, "ID": 22239473292838928, "BoundingBox": [838, 172, 879, 220], "classname": "face_with_mask", "Confidence": 1, "Attributes": {}}, {"isProtected": false, "ID": 261022648077506848, "BoundingBox": [910, 143, 952, 194], "classname": "face_with_mask", "Confidence": 1, "Attributes": {}}, {"isProtected": false, "ID": 367225748146848256, "BoundingBox": [491, 135, 549, 204], "classname": "face_with_mask", "Confidence": 1, "Attributes": {}}, {"isProtected": false, "ID": 561041030693790720, "BoundingBox": [752, 162, 792, 196], "classname": "mask_surgical", "Confidence": 1, "Attributes": {}}, {"isProtected": false, "ID": 484916355412948672, "BoundingBox": [501, 173, 540, 206], "classname": "mask_surgical", "Confidence": 1, "Attributes": {}}, {"isProtected": false, "ID": 643921804323774592, "BoundingBox": [842, 188, 872, 220], "classname": "mask_surgical", "Confidence": 1, "Attributes": {}}, {"isProtected": false, "ID": 574424556682691520, "BoundingBox": [910, 166, 943, 190], "classname": "mask_surgical", "Confidence": 1, "Attributes": {}}]}