{"FileName": "1836.jpg", "NumOfAnno": 5, "Annotations": [{"isProtected": false, "ID": 768459465573915264, "BoundingBox": [395, 6, 780, 383], "classname": "face_with_mask", "Confidence": 1, "Attributes": {}}, {"isProtected": false, "ID": 691712142672724480, "BoundingBox": [377, 4, 714, 419], "classname": "face_with_mask", "Confidence": 1, "Attributes": {}}, {"isProtected": false, "ID": 28549407390916272, "BoundingBox": [385, 115, 574, 264], "classname": "goggles", "Confidence": 1, "Attributes": {}}, {"isProtected": false, "ID": 521947374956903040, "BoundingBox": [395, 221, 622, 405], "classname": "mask_surgical", "Confidence": 1, "Attributes": {}}, {"isProtected": false, "ID": 756064439455204224, "BoundingBox": [370, 1, 835, 155], "classname": "hair_net", "Confidence": 1, "Attributes": {}}]}