{"FileName": "1837.jpg", "NumOfAnno": 7, "Annotations": [{"isProtected": false, "ID": 353434891519237376, "BoundingBox": [374, 71, 568, 328], "classname": "face_with_mask", "Confidence": 1, "Attributes": {}}, {"isProtected": false, "ID": 887311815062038784, "BoundingBox": [411, 189, 551, 311], "classname": "mask_surgical", "Confidence": 1, "Attributes": {}}, {"isProtected": false, "ID": 10221451615006982, "BoundingBox": [385, 166, 500, 256], "classname": "sunglasses", "Confidence": 1, "Attributes": {}}, {"isProtected": false, "ID": 270612565175404320, "BoundingBox": [870, 17, 1008, 288], "classname": "face_with_mask", "Confidence": 1, "Attributes": {}}, {"isProtected": false, "ID": 178029149096814880, "BoundingBox": [875, 133, 1000, 269], "classname": "mask_surgical", "Confidence": 1, "Attributes": {}}, {"isProtected": false, "ID": 391760686024586688, "BoundingBox": [182, 160, 320, 318], "classname": "face_with_mask", "Confidence": 1, "Attributes": {}}, {"isProtected": false, "ID": 391621764541452480, "BoundingBox": [212, 225, 309, 309], "classname": "mask_surgical", "Confidence": 1, "Attributes": {}}]}