{"FileName": "1838.jpg", "NumOfAnno": 12, "Annotations": [{"isProtected": false, "ID": 296571500813350720, "BoundingBox": [800, 49, 888, 154], "classname": "face_other_covering", "Confidence": 1, "Attributes": {}}, {"isProtected": false, "ID": 58915305056562504, "BoundingBox": [682, 132, 755, 220], "classname": "face_with_mask", "Confidence": 1, "Attributes": {}}, {"isProtected": false, "ID": 361503684508469120, "BoundingBox": [570, 95, 648, 189], "classname": "face_with_mask", "Confidence": 1, "Attributes": {}}, {"isProtected": false, "ID": 260871046774676192, "BoundingBox": [403, 80, 482, 175], "classname": "face_with_mask", "Confidence": 1, "Attributes": {}}, {"isProtected": false, "ID": 638065072266942848, "BoundingBox": [256, 90, 328, 179], "classname": "face_with_mask", "Confidence": 1, "Attributes": {}}, {"isProtected": false, "ID": 38928198872479336, "BoundingBox": [126, 131, 209, 228], "classname": "face_other_covering", "Confidence": 1, "Attributes": {}}, {"isProtected": false, "ID": 650849007337396096, "BoundingBox": [807, 83, 883, 149], "classname": "scarf_bandana", "Confidence": 1, "Attributes": {}}, {"isProtected": false, "ID": 318735140649407104, "BoundingBox": [134, 164, 197, 225], "classname": "scarf_bandana", "Confidence": 1, "Attributes": {}}, {"isProtected": false, "ID": 793281031327742720, "BoundingBox": [694, 170, 752, 212], "classname": "mask_surgical", "Confidence": 1, "Attributes": {}}, {"isProtected": false, "ID": 755380510956904832, "BoundingBox": [579, 134, 633, 179], "classname": "mask_surgical", "Confidence": 1, "Attributes": {}}, {"isProtected": false, "ID": 698440388373667200, "BoundingBox": [416, 120, 474, 164], "classname": "mask_surgical", "Confidence": 1, "Attributes": {}}, {"isProtected": false, "ID": 8396700452481531, "BoundingBox": [270, 119, 324, 169], "classname": "mask_surgical", "Confidence": 1, "Attributes": {}}]}