{"FileName": "1840.jpg", "NumOfAnno": 5, "Annotations": [{"isProtected": false, "ID": 443957534180692160, "BoundingBox": [371, 138, 740, 587], "classname": "face_with_mask", "Confidence": 1, "Attributes": {}}, {"isProtected": false, "ID": 919726988311950976, "BoundingBox": [444, 341, 728, 568], "classname": "mask_surgical", "Confidence": 1, "Attributes": {}}, {"isProtected": false, "ID": 149252223661552320, "BoundingBox": [375, 174, 733, 436], "classname": "goggles", "Confidence": 1, "Attributes": {}}, {"isProtected": false, "ID": 152644219357292448, "BoundingBox": [1026, 187, 1217, 388], "classname": "face_with_mask", "Confidence": 1, "Attributes": {}}, {"isProtected": false, "ID": 773848211596244352, "BoundingBox": [1050, 278, 1213, 380], "classname": "mask_surgical", "Confidence": 1, "Attributes": {}}]}