{"FileName": "1841.jpg", "NumOfAnno": 3, "Annotations": [{"isProtected": false, "ID": 399576022188961152, "BoundingBox": [107, 96, 319, 323], "classname": "face_with_mask", "Confidence": 1, "Attributes": {}}, {"isProtected": false, "ID": 528065650518400704, "BoundingBox": [84, 55, 312, 311], "classname": "face_with_mask", "Confidence": 1, "Attributes": {}}, {"isProtected": false, "ID": 465850474389389504, "BoundingBox": [189, 164, 316, 313], "classname": "mask_colorful", "Confidence": 1, "Attributes": {}}]}