{"FileName": "1844.jpg", "NumOfAnno": 4, "Annotations": [{"isProtected": false, "ID": 627095239967415168, "BoundingBox": [286, 3, 348, 92], "classname": "face_with_mask", "Confidence": 1, "Attributes": {}}, {"isProtected": false, "ID": 849415718864117120, "BoundingBox": [292, 33, 338, 76], "classname": "mask_surgical", "Confidence": 1, "Attributes": {}}, {"isProtected": false, "ID": 861752955867131008, "BoundingBox": [290, 23, 331, 46], "classname": "sunglasses", "Confidence": 1, "Attributes": {}}, {"isProtected": false, "ID": 572169126756830656, "BoundingBox": [288, 2, 346, 26], "classname": "hat", "Confidence": 1, "Attributes": {}}]}