{"FileName": "1847.jpg", "NumOfAnno": 7, "Annotations": [{"isProtected": false, "ID": 797137326797504768, "BoundingBox": [285, 108, 381, 209], "classname": "face_with_mask", "Confidence": 1, "Attributes": {}}, {"isProtected": false, "ID": 204005370601148416, "BoundingBox": [312, 146, 376, 196], "classname": "mask_surgical", "Confidence": 1, "Attributes": {}}, {"isProtected": false, "ID": 745921737076944512, "BoundingBox": [328, 135, 375, 159], "classname": "eyeglasses", "Confidence": 1, "Attributes": {}}, {"isProtected": false, "ID": 710152387284419968, "BoundingBox": [471, 119, 549, 220], "classname": "face_with_mask", "Confidence": 1, "Attributes": {}}, {"isProtected": false, "ID": 763634352070191744, "BoundingBox": [481, 159, 534, 209], "classname": "mask_surgical", "Confidence": 1, "Attributes": {}}, {"isProtected": false, "ID": 246758495856191360, "BoundingBox": [494, 102, 601, 188], "classname": "hat", "Confidence": 1, "Attributes": {}}, {"isProtected": false, "ID": 251346649113256768, "BoundingBox": [272, 80, 365, 162], "classname": "hat", "Confidence": 1, "Attributes": {}}]}