{"FileName": "1849.jpg", "NumOfAnno": 3, "Annotations": [{"isProtected": false, "ID": 263602280245617056, "BoundingBox": [435, 58, 544, 195], "classname": "face_with_mask", "Confidence": 1, "Attributes": {}}, {"isProtected": false, "ID": 969331427114693504, "BoundingBox": [446, 118, 530, 185], "classname": "mask_surgical", "Confidence": 1, "Attributes": {}}, {"isProtected": false, "ID": 136912569435800096, "BoundingBox": [408, 13, 554, 181], "classname": "face_with_mask", "Confidence": 1, "Attributes": {}}]}