{"FileName": "1850.jpg", "NumOfAnno": 7, "Annotations": [{"isProtected": false, "ID": 262883819679511584, "BoundingBox": [267, 243, 494, 526], "classname": "face_with_mask", "Confidence": 1, "Attributes": {}}, {"isProtected": false, "ID": 416480050678805888, "BoundingBox": [4, 24, 186, 338], "classname": "face_with_mask", "Confidence": 1, "Attributes": {}}, {"isProtected": false, "ID": 248164614670200448, "BoundingBox": [301, 359, 467, 517], "classname": "mask_colorful", "Confidence": 1, "Attributes": {}}, {"isProtected": false, "ID": 989882876944023040, "BoundingBox": [7, 141, 151, 333], "classname": "mask_colorful", "Confidence": 1, "Attributes": {}}, {"isProtected": false, "ID": 558572779609747840, "BoundingBox": [283, 297, 474, 385], "classname": "eyeglasses", "Confidence": 1, "Attributes": {}}, {"isProtected": false, "ID": 302709630131969920, "BoundingBox": [3, 98, 178, 196], "classname": "sunglasses", "Confidence": 1, "Attributes": {}}, {"isProtected": false, "ID": 433788009589758912, "BoundingBox": [262, 144, 497, 317], "classname": "hat", "Confidence": 1, "Attributes": {}}]}