{"FileName": "1851.jpg", "NumOfAnno": 6, "Annotations": [{"isProtected": false, "ID": 357343385542082112, "BoundingBox": [690, 228, 863, 428], "classname": "face_with_mask", "Confidence": 1, "Attributes": {}}, {"isProtected": false, "ID": 601517046801281664, "BoundingBox": [387, 48, 583, 314], "classname": "face_other_covering", "Confidence": 1, "Attributes": {}}, {"isProtected": false, "ID": 663774703803794944, "BoundingBox": [693, 312, 834, 435], "classname": "mask_surgical", "Confidence": 1, "Attributes": {}}, {"isProtected": false, "ID": 192950842617507616, "BoundingBox": [394, 214, 524, 271], "classname": "eyeglasses", "Confidence": 1, "Attributes": {}}, {"isProtected": false, "ID": 550928361881706816, "BoundingBox": [686, 176, 892, 348], "classname": "hat", "Confidence": 1, "Attributes": {}}, {"isProtected": false, "ID": 243485005938506752, "BoundingBox": [255, 180, 346, 303], "classname": "face_no_mask", "Confidence": 1, "Attributes": {}}]}