{"FileName": "1852.jpg", "NumOfAnno": 3, "Annotations": [{"isProtected": false, "ID": 209204409249338144, "BoundingBox": [976, 273, 1349, 699], "classname": "face_with_mask", "Confidence": 1, "Attributes": {}}, {"isProtected": false, "ID": 387176694707143680, "BoundingBox": [996, 426, 1291, 651], "classname": "mask_surgical", "Confidence": 1, "Attributes": {}}, {"isProtected": false, "ID": 527907712010562304, "BoundingBox": [543, 334, 812, 672], "classname": "face_no_mask", "Confidence": 1, "Attributes": {}}]}