{"FileName": "1853.jpg", "NumOfAnno": 3, "Annotations": [{"isProtected": false, "ID": 960304796402520192, "BoundingBox": [232, 103, 477, 372], "classname": "face_other_covering", "Confidence": 1, "Attributes": {}}, {"isProtected": false, "ID": 828693813513264640, "BoundingBox": [282, 39, 486, 179], "classname": "hat", "Confidence": 1, "Attributes": {}}, {"isProtected": false, "ID": 174232340034077504, "BoundingBox": [335, 195, 468, 278], "classname": "eyeglasses", "Confidence": 1, "Attributes": {}}]}