{"FileName": "1854.jpg", "NumOfAnno": 3, "Annotations": [{"isProtected": false, "ID": 903473632480443392, "BoundingBox": [442, 230, 560, 368], "classname": "face_with_mask", "Confidence": 1, "Attributes": {}}, {"isProtected": false, "ID": 256351171584630496, "BoundingBox": [472, 272, 550, 349], "classname": "mask_surgical", "Confidence": 1, "Attributes": {}}, {"isProtected": false, "ID": 405489818913485440, "BoundingBox": [461, 202, 547, 239], "classname": "sunglasses", "Confidence": 1, "Attributes": {}}]}