{"FileName": "1858.jpg", "NumOfAnno": 4, "Annotations": [{"isProtected": false, "ID": 21979966476377012, "BoundingBox": [215, 168, 390, 357], "classname": "face_with_mask_incorrect", "Confidence": 1, "Attributes": {}}, {"isProtected": false, "ID": 55408029117109400, "BoundingBox": [249, 273, 375, 347], "classname": "mask_surgical", "Confidence": 1, "Attributes": {}}, {"isProtected": false, "ID": 408511314254515584, "BoundingBox": [242, 41, 422, 247], "classname": "face_with_mask", "Confidence": 1, "Attributes": {}}, {"isProtected": false, "ID": 721162574713464576, "BoundingBox": [355, 164, 420, 243], "classname": "mask_surgical", "Confidence": 1, "Attributes": {}}]}