{"FileName": "1861.jpg", "NumOfAnno": 3, "Annotations": [{"isProtected": false, "ID": 999198335109255808, "BoundingBox": [518, 116, 938, 632], "classname": "face_other_covering", "Confidence": 1, "Attributes": {}}, {"isProtected": false, "ID": 211797538039653280, "BoundingBox": [582, 126, 582, 126], "classname": "face_with_mask_incorrect", "Confidence": 1, "Attributes": {}}, {"isProtected": false, "ID": 248677733460168320, "BoundingBox": [542, 300, 932, 613], "classname": "mask_colorful", "Confidence": 1, "Attributes": {}}]}