{"FileName": "1872.jpg", "NumOfAnno": 4, "Annotations": [{"isProtected": false, "ID": 89594598334977952, "BoundingBox": [1049, 98, 1235, 318], "classname": "face_with_mask_incorrect", "Confidence": 1, "Attributes": {}}, {"isProtected": false, "ID": 700838906931423744, "BoundingBox": [1100, 199, 1217, 289], "classname": "mask_surgical", "Confidence": 1, "Attributes": {}}, {"isProtected": false, "ID": 906819372431105280, "BoundingBox": [1015, 106, 1209, 295], "classname": "face_with_mask_incorrect", "Confidence": 1, "Attributes": {}}, {"isProtected": false, "ID": 350146698892356288, "BoundingBox": [1117, 144, 1226, 216], "classname": "eyeglasses", "Confidence": 1, "Attributes": {}}]}