{"FileName": "1874.jpg", "NumOfAnno": 3, "Annotations": [{"isProtected": false, "ID": 142079247564960480, "BoundingBox": [688, 1667, 2113, 3113], "classname": "face_with_mask", "Confidence": 1, "Attributes": {}}, {"isProtected": false, "ID": 145007456572387904, "BoundingBox": [1041, 2042, 2007, 2986], "classname": "mask_surgical", "Confidence": 1, "Attributes": {}}, {"isProtected": false, "ID": 21361989852625940, "BoundingBox": [1098, 1858, 1993, 2225], "classname": "eyeglasses", "Confidence": 1, "Attributes": {}}]}