{"FileName": "1878.jpg", "NumOfAnno": 3, "Annotations": [{"isProtected": false, "ID": 28716466696596220, "BoundingBox": [759, 1336, 3234, 4226], "classname": "face_other_covering", "Confidence": 1, "Attributes": {}}, {"isProtected": false, "ID": 570898741938969280, "BoundingBox": [1041, 1844, 3128, 2690], "classname": "sunglasses", "Confidence": 1, "Attributes": {}}, {"isProtected": false, "ID": 447320606571504384, "BoundingBox": [787, 829, 3255, 2640], "classname": "hat", "Confidence": 1, "Attributes": {}}]}