{"FileName": "1881.jpg", "NumOfAnno": 3, "Annotations": [{"isProtected": false, "ID": 400361765765119808, "BoundingBox": [612, 75, 912, 470], "classname": "face_with_mask", "Confidence": 1, "Attributes": {}}, {"isProtected": false, "ID": 212868659143034336, "BoundingBox": [633, 239, 826, 449], "classname": "mask_surgical", "Confidence": 1, "Attributes": {}}, {"isProtected": false, "ID": 384224768723870144, "BoundingBox": [630, 12, 1002, 445], "classname": "face_with_mask", "Confidence": 1, "Attributes": {}}]}