{"FileName": "1885.jpg", "NumOfAnno": 6, "Annotations": [{"isProtected": false, "ID": 984879278628880640, "BoundingBox": [393, 162, 741, 552], "classname": "face_with_mask", "Confidence": 1, "Attributes": {}}, {"isProtected": false, "ID": 11071757991898634, "BoundingBox": [406, 289, 659, 400], "classname": "sunglasses", "Confidence": 1, "Attributes": {}}, {"isProtected": false, "ID": 442140245212624768, "BoundingBox": [411, 341, 664, 563], "classname": "mask_surgical", "Confidence": 1, "Attributes": {}}, {"isProtected": false, "ID": 805920306724327680, "BoundingBox": [341, 63, 766, 347], "classname": "hat", "Confidence": 1, "Attributes": {}}, {"isProtected": false, "ID": 525437830107859968, "BoundingBox": [107, 183, 348, 562], "classname": "face_no_mask", "Confidence": 1, "Attributes": {}}, {"isProtected": false, "ID": 33063680381569148, "BoundingBox": [666, 6, 943, 398], "classname": "face_no_mask", "Confidence": 1, "Attributes": {}}]}