{"FileName": "1886.jpg", "NumOfAnno": 3, "Annotations": [{"isProtected": false, "ID": 839202998161765632, "BoundingBox": [1946, 77, 3876, 1678], "classname": "face_with_mask", "Confidence": 1, "Attributes": {}}, {"isProtected": false, "ID": 437384805837634624, "BoundingBox": [2055, 292, 3608, 1536], "classname": "face_with_mask", "Confidence": 1, "Attributes": {}}, {"isProtected": false, "ID": 829769430491482112, "BoundingBox": [2171, 895, 3325, 1562], "classname": "mask_surgical", "Confidence": 1, "Attributes": {}}]}