{"FileName": "1892.jpg", "NumOfAnno": 3, "Annotations": [{"isProtected": false, "ID": 956667874208948992, "BoundingBox": [390, 78, 531, 245], "classname": "face_with_mask_incorrect", "Confidence": 1, "Attributes": {}}, {"isProtected": false, "ID": 411818673796608512, "BoundingBox": [393, 143, 517, 222], "classname": "mask_colorful", "Confidence": 1, "Attributes": {}}, {"isProtected": false, "ID": 343328747773206464, "BoundingBox": [247, 121, 369, 250], "classname": "face_no_mask", "Confidence": 1, "Attributes": {}}]}