{"FileName": "1893.jpg", "NumOfAnno": 3, "Annotations": [{"isProtected": false, "ID": 547279128053237888, "BoundingBox": [542, 270, 728, 473], "classname": "face_with_mask", "Confidence": 1, "Attributes": {}}, {"isProtected": false, "ID": 212027174771275296, "BoundingBox": [601, 329, 722, 454], "classname": "mask_colorful", "Confidence": 1, "Attributes": {}}, {"isProtected": false, "ID": 576289530377876224, "BoundingBox": [516, 212, 723, 449], "classname": "face_with_mask", "Confidence": 1, "Attributes": {}}]}