{"FileName": "1894.jpg", "NumOfAnno": 3, "Annotations": [{"isProtected": false, "ID": 608008020558470528, "BoundingBox": [437, 121, 907, 644], "classname": "face_with_mask", "Confidence": 1, "Attributes": {}}, {"isProtected": false, "ID": 280631567077069504, "BoundingBox": [557, 363, 876, 636], "classname": "mask_surgical", "Confidence": 1, "Attributes": {}}, {"isProtected": false, "ID": 774200618093741696, "BoundingBox": [411, 3, 940, 325], "classname": "hat", "Confidence": 1, "Attributes": {}}]}