{"FileName": "1895.jpg", "NumOfAnno": 7, "Annotations": [{"isProtected": false, "ID": 200531240470491648, "BoundingBox": [250, 31, 393, 197], "classname": "face_with_mask", "Confidence": 1, "Attributes": {}}, {"isProtected": false, "ID": 52506185402460656, "BoundingBox": [148, 70, 261, 229], "classname": "face_with_mask", "Confidence": 1, "Attributes": {}}, {"isProtected": false, "ID": 758903146382759040, "BoundingBox": [254, 100, 342, 191], "classname": "mask_surgical", "Confidence": 1, "Attributes": {}}, {"isProtected": false, "ID": 982395374929358848, "BoundingBox": [160, 144, 245, 213], "classname": "mask_surgical", "Confidence": 1, "Attributes": {}}, {"isProtected": false, "ID": 107553364871870944, "BoundingBox": [157, 126, 233, 160], "classname": "eyeglasses", "Confidence": 1, "Attributes": {}}, {"isProtected": false, "ID": 175890805982461216, "BoundingBox": [474, 73, 566, 176], "classname": "face_with_mask", "Confidence": 1, "Attributes": {}}, {"isProtected": false, "ID": 745234542050011136, "BoundingBox": [480, 102, 556, 168], "classname": "mask_surgical", "Confidence": 1, "Attributes": {}}]}