{"FileName": "1897.jpg", "NumOfAnno": 3, "Annotations": [{"isProtected": false, "ID": 288071490628240672, "BoundingBox": [645, 3, 1002, 346], "classname": "face_with_mask", "Confidence": 1, "Attributes": {}}, {"isProtected": false, "ID": 210764864637007488, "BoundingBox": [89, 1, 252, 203], "classname": "face_no_mask", "Confidence": 1, "Attributes": {}}, {"isProtected": false, "ID": 415131482243515840, "BoundingBox": [653, 184, 777, 335], "classname": "mask_colorful", "Confidence": 1, "Attributes": {}}]}