{"FileName": "1900.png", "NumOfAnno": 3, "Annotations": [{"isProtected": false, "ID": 693181171615381120, "BoundingBox": [403, 219, 541, 361], "classname": "face_with_mask", "Confidence": 1, "Attributes": {}}, {"isProtected": false, "ID": 866608328137581312, "BoundingBox": [410, 265, 499, 347], "classname": "mask_surgical", "Confidence": 1, "Attributes": {}}, {"isProtected": false, "ID": 591052336352870784, "BoundingBox": [409, 211, 570, 342], "classname": "face_with_mask", "Confidence": 1, "Attributes": {}}]}