{"FileName": "1901.jpg", "NumOfAnno": 9, "Annotations": [{"isProtected": false, "ID": 652563034764270080, "BoundingBox": [1485, 801, 1673, 1056], "classname": "face_with_mask", "Confidence": 1, "Attributes": {}}, {"isProtected": false, "ID": 70707899963223128, "BoundingBox": [913, 132, 1142, 397], "classname": "face_with_mask", "Confidence": 1, "Attributes": {}}, {"isProtected": false, "ID": 245871988381149984, "BoundingBox": [377, 137, 614, 392], "classname": "face_with_mask", "Confidence": 1, "Attributes": {}}, {"isProtected": false, "ID": 912532308134442240, "BoundingBox": [923, 213, 1123, 364], "classname": "mask_colorful", "Confidence": 1, "Attributes": {}}, {"isProtected": false, "ID": 872280960041264000, "BoundingBox": [394, 226, 591, 375], "classname": "mask_colorful", "Confidence": 1, "Attributes": {}}, {"isProtected": false, "ID": 193414344280525056, "BoundingBox": [1503, 911, 1649, 1036], "classname": "mask_colorful", "Confidence": 1, "Attributes": {}}, {"isProtected": false, "ID": 298872435864547904, "BoundingBox": [908, 43, 1167, 230], "classname": "hat", "Confidence": 1, "Attributes": {}}, {"isProtected": false, "ID": 805087326746112896, "BoundingBox": [271, 37, 688, 425], "classname": "hood", "Confidence": 1, "Attributes": {}}, {"isProtected": false, "ID": 574934352527215168, "BoundingBox": [1404, 703, 1789, 1106], "classname": "hood", "Confidence": 1, "Attributes": {}}]}