{"FileName": "1902.jpg", "NumOfAnno": 3, "Annotations": [{"isProtected": false, "ID": 828058264410581504, "BoundingBox": [234, 83, 426, 282], "classname": "face_with_mask", "Confidence": 1, "Attributes": {}}, {"isProtected": false, "ID": 291761128495436672, "BoundingBox": [244, 146, 351, 277], "classname": "mask_surgical", "Confidence": 1, "Attributes": {}}, {"isProtected": false, "ID": 649840102455227648, "BoundingBox": [238, 38, 471, 274], "classname": "hat", "Confidence": 1, "Attributes": {}}]}