{"FileName": "1906.jpg", "NumOfAnno": 7, "Annotations": [{"isProtected": false, "ID": 446075691233876032, "BoundingBox": [845, 497, 1374, 1158], "classname": "face_with_mask", "Confidence": 1, "Attributes": {}}, {"isProtected": false, "ID": 422288861615748736, "BoundingBox": [734, 523, 1397, 1129], "classname": "face_with_mask", "Confidence": 1, "Attributes": {}}, {"isProtected": false, "ID": 945473981385760640, "BoundingBox": [1071, 787, 1359, 1146], "classname": "mask_surgical", "Confidence": 1, "Attributes": {}}, {"isProtected": false, "ID": 792852813381790080, "BoundingBox": [731, 513, 1192, 879], "classname": "hat", "Confidence": 1, "Attributes": {}}, {"isProtected": false, "ID": 89480081703863568, "BoundingBox": [740, 525, 1397, 863], "classname": "hat", "Confidence": 1, "Attributes": {}}, {"isProtected": false, "ID": 966293248690628096, "BoundingBox": [1159, 739, 1293, 853], "classname": "eyeglasses", "Confidence": 1, "Attributes": {}}, {"isProtected": false, "ID": 431974577338217536, "BoundingBox": [1080, 799, 1350, 1129], "classname": "mask_surgical", "Confidence": 1, "Attributes": {}}]}