{"FileName": "1909.jpg", "NumOfAnno": 3, "Annotations": [{"isProtected": false, "ID": 154871508136971264, "BoundingBox": [420, 18, 493, 105], "classname": "face_with_mask", "Confidence": 1, "Attributes": {}}, {"isProtected": false, "ID": 850169276672938752, "BoundingBox": [429, 44, 476, 89], "classname": "mask_surgical", "Confidence": 1, "Attributes": {}}, {"isProtected": false, "ID": 952865389107649408, "BoundingBox": [426, 37, 476, 60], "classname": "eyeglasses", "Confidence": 1, "Attributes": {}}]}