{"FileName": "1910.jpg", "NumOfAnno": 8, "Annotations": [{"isProtected": false, "ID": 851902610940202112, "BoundingBox": [70, 115, 306, 420], "classname": "face_with_mask", "Confidence": 1, "Attributes": {}}, {"isProtected": false, "ID": 329157940339816384, "BoundingBox": [355, 168, 533, 370], "classname": "face_with_mask", "Confidence": 1, "Attributes": {}}, {"isProtected": false, "ID": 565592703862255488, "BoundingBox": [278, 59, 393, 205], "classname": "face_with_mask", "Confidence": 1, "Attributes": {}}, {"isProtected": false, "ID": 890699270137276800, "BoundingBox": [474, 0, 632, 176], "classname": "face_with_mask", "Confidence": 1, "Attributes": {}}, {"isProtected": false, "ID": 659036624865477888, "BoundingBox": [491, 69, 602, 164], "classname": "mask_surgical", "Confidence": 1, "Attributes": {}}, {"isProtected": false, "ID": 410421112780106816, "BoundingBox": [361, 244, 488, 352], "classname": "mask_surgical", "Confidence": 1, "Attributes": {}}, {"isProtected": false, "ID": 71944802431337832, "BoundingBox": [81, 242, 296, 404], "classname": "mask_surgical", "Confidence": 1, "Attributes": {}}, {"isProtected": false, "ID": 215310811737138624, "BoundingBox": [286, 114, 374, 198], "classname": "mask_surgical", "Confidence": 1, "Attributes": {}}]}