{"FileName": "1912.jpg", "NumOfAnno": 3, "Annotations": [{"isProtected": false, "ID": 580777085443851776, "BoundingBox": [501, 51, 573, 140], "classname": "face_with_mask", "Confidence": 1, "Attributes": {}}, {"isProtected": false, "ID": 226148088725526048, "BoundingBox": [508, 80, 545, 127], "classname": "mask_surgical", "Confidence": 1, "Attributes": {}}, {"isProtected": false, "ID": 246388062625284896, "BoundingBox": [506, 37, 594, 125], "classname": "face_with_mask", "Confidence": 1, "Attributes": {}}]}