{"FileName": "1914.jpg", "NumOfAnno": 37, "Annotations": [{"isProtected": false, "ID": 366619672495080768, "BoundingBox": [601, 322, 780, 582], "classname": "face_with_mask", "Confidence": 1, "Attributes": {}}, {"isProtected": false, "ID": 280133612337999936, "BoundingBox": [62, 201, 158, 325], "classname": "face_with_mask", "Confidence": 1, "Attributes": {}}, {"isProtected": false, "ID": 862610201033091456, "BoundingBox": [416, 193, 486, 284], "classname": "face_with_mask", "Confidence": 1, "Attributes": {}}, {"isProtected": false, "ID": 883395645095229568, "BoundingBox": [34, 37, 110, 143], "classname": "face_with_mask", "Confidence": 1, "Attributes": {}}, {"isProtected": false, "ID": 353043925317459200, "BoundingBox": [503, 150, 562, 212], "classname": "face_no_mask", "Confidence": 1, "Attributes": {}}, {"isProtected": false, "ID": 58870627838374488, "BoundingBox": [596, 178, 678, 258], "classname": "face_no_mask", "Confidence": 1, "Attributes": {}}, {"isProtected": false, "ID": 860484766663606784, "BoundingBox": [299, 177, 380, 255], "classname": "face_with_mask", "Confidence": 1, "Attributes": {}}, {"isProtected": false, "ID": 6497760937376418, "BoundingBox": [623, 453, 778, 575], "classname": "mask_surgical", "Confidence": 1, "Attributes": {}}, {"isProtected": false, "ID": 208605457398590816, "BoundingBox": [55, 255, 133, 326], "classname": "mask_surgical", "Confidence": 1, "Attributes": {}}, {"isProtected": false, "ID": 904991430503192192, "BoundingBox": [28, 101, 86, 144], "classname": "mask_surgical", "Confidence": 1, "Attributes": {}}, {"isProtected": false, "ID": 37650942485143560, "BoundingBox": [304, 197, 355, 249], "classname": "mask_surgical", "Confidence": 1, "Attributes": {}}, {"isProtected": false, "ID": 714948840634694784, "BoundingBox": [424, 228, 491, 284], "classname": "mask_surgical", "Confidence": 1, "Attributes": {}}, {"isProtected": false, "ID": 120180256028602496, "BoundingBox": [186, 22, 255, 96], "classname": "face_with_mask", "Confidence": 1, "Attributes": {}}, {"isProtected": false, "ID": 660901973225237632, "BoundingBox": [197, 45, 232, 90], "classname": "mask_surgical", "Confidence": 1, "Attributes": {}}, {"isProtected": false, "ID": 419012317614437888, "BoundingBox": [193, 37, 230, 53], "classname": "eyeglasses", "Confidence": 1, "Attributes": {}}, {"isProtected": false, "ID": 608557860096022400, "BoundingBox": [601, 202, 644, 234], "classname": "eyeglasses", "Confidence": 1, "Attributes": {}}, {"isProtected": false, "ID": 570099090010457472, "BoundingBox": [129, 312, 235, 422], "classname": "face_with_mask", "Confidence": 1, "Attributes": {}}, {"isProtected": false, "ID": 39973685403599024, "BoundingBox": [130, 375, 188, 426], "classname": "mask_surgical", "Confidence": 1, "Attributes": {}}, {"isProtected": false, "ID": 974954780709806208, "BoundingBox": [121, 345, 174, 399], "classname": "eyeglasses", "Confidence": 1, "Attributes": {}}, {"isProtected": false, "ID": 566359450994672768, "BoundingBox": [231, 322, 368, 502], "classname": "face_with_mask", "Confidence": 1, "Attributes": {}}, {"isProtected": false, "ID": 369589505930274816, "BoundingBox": [247, 453, 347, 506], "classname": "mask_surgical", "Confidence": 1, "Attributes": {}}, {"isProtected": false, "ID": 89490209947266192, "BoundingBox": [556, 31, 617, 100], "classname": "face_with_mask", "Confidence": 1, "Attributes": {}}, {"isProtected": false, "ID": 317316173257935040, "BoundingBox": [564, 64, 602, 96], "classname": "mask_surgical", "Confidence": 1, "Attributes": {}}, {"isProtected": false, "ID": 351251333741180864, "BoundingBox": [636, 38, 687, 99], "classname": "face_with_mask", "Confidence": 1, "Attributes": {}}, {"isProtected": false, "ID": 957743751629555328, "BoundingBox": [650, 65, 680, 92], "classname": "mask_surgical", "Confidence": 1, "Attributes": {}}, {"isProtected": false, "ID": 834654604198795520, "BoundingBox": [661, 55, 686, 73], "classname": "eyeglasses", "Confidence": 1, "Attributes": {}}, {"isProtected": false, "ID": 973261001242309504, "BoundingBox": [697, 148, 763, 209], "classname": "face_no_mask", "Confidence": 1, "Attributes": {}}, {"isProtected": false, "ID": 581042830953259776, "BoundingBox": [144, 133, 187, 193], "classname": "face_with_mask", "Confidence": 1, "Attributes": {}}, {"isProtected": false, "ID": 12386568103457284, "BoundingBox": [309, 0, 373, 61], "classname": "face_with_mask", "Confidence": 1, "Attributes": {}}, {"isProtected": false, "ID": 782939566737902208, "BoundingBox": [447, 132, 497, 189], "classname": "face_with_mask", "Confidence": 1, "Attributes": {}}, {"isProtected": false, "ID": 214704356752419264, "BoundingBox": [731, 42, 771, 83], "classname": "face_with_mask", "Confidence": 1, "Attributes": {}}, {"isProtected": false, "ID": 490800940143288128, "BoundingBox": [731, 61, 766, 81], "classname": "mask_surgical", "Confidence": 1, "Attributes": {}}, {"isProtected": false, "ID": 98116246201497392, "BoundingBox": [456, 153, 497, 179], "classname": "mask_surgical", "Confidence": 1, "Attributes": {}}, {"isProtected": false, "ID": 744198025977567616, "BoundingBox": [309, 34, 354, 61], "classname": "mask_surgical", "Confidence": 1, "Attributes": {}}, {"isProtected": false, "ID": 298134534947575808, "BoundingBox": [146, 163, 180, 192], "classname": "mask_surgical", "Confidence": 1, "Attributes": {}}, {"isProtected": false, "ID": 481665882716785472, "BoundingBox": [395, 13, 446, 72], "classname": "face_no_mask", "Confidence": 1, "Attributes": {}}, {"isProtected": false, "ID": 528002662415081088, "BoundingBox": [695, 248, 779, 341], "classname": "face_no_mask", "Confidence": 1, "Attributes": {}}]}