{"FileName": "1916.jpg", "NumOfAnno": 10, "Annotations": [{"isProtected": false, "ID": 653584551255670784, "BoundingBox": [725, 93, 805, 192], "classname": "face_with_mask", "Confidence": 1, "Attributes": {}}, {"isProtected": false, "ID": 846452315624866176, "BoundingBox": [541, 20, 607, 107], "classname": "face_with_mask", "Confidence": 1, "Attributes": {}}, {"isProtected": false, "ID": 596086698535947648, "BoundingBox": [228, 79, 308, 179], "classname": "face_with_mask_incorrect", "Confidence": 1, "Attributes": {}}, {"isProtected": false, "ID": 758875120889069312, "BoundingBox": [740, 133, 792, 180], "classname": "mask_surgical", "Confidence": 1, "Attributes": {}}, {"isProtected": false, "ID": 89793241778103216, "BoundingBox": [240, 139, 294, 171], "classname": "mask_surgical", "Confidence": 1, "Attributes": {}}, {"isProtected": false, "ID": 800445564206395904, "BoundingBox": [546, 58, 597, 99], "classname": "mask_surgical", "Confidence": 1, "Attributes": {}}, {"isProtected": false, "ID": 584151572229354240, "BoundingBox": [550, 26, 598, 51], "classname": "hat", "Confidence": 1, "Attributes": {}}, {"isProtected": false, "ID": 30319588826817732, "BoundingBox": [232, 82, 305, 123], "classname": "hat", "Confidence": 1, "Attributes": {}}, {"isProtected": false, "ID": 595992881236700160, "BoundingBox": [962, 92, 1021, 159], "classname": "face_with_mask", "Confidence": 1, "Attributes": {}}, {"isProtected": false, "ID": 433712993717201408, "BoundingBox": [966, 115, 1014, 155], "classname": "mask_surgical", "Confidence": 1, "Attributes": {}}]}