{"FileName": "1917.jpg", "NumOfAnno": 3, "Annotations": [{"isProtected": false, "ID": 983917838723638400, "BoundingBox": [83, 28, 232, 196], "classname": "face_with_mask", "Confidence": 1, "Attributes": {}}, {"isProtected": false, "ID": 27297864533518344, "BoundingBox": [108, 93, 213, 189], "classname": "mask_colorful", "Confidence": 1, "Attributes": {}}, {"isProtected": false, "ID": 14399266687075806, "BoundingBox": [137, 75, 226, 121], "classname": "eyeglasses", "Confidence": 1, "Attributes": {}}]}