{"FileName": "1924.jpg", "NumOfAnno": 7, "Annotations": [{"isProtected": false, "ID": 394245280333938368, "BoundingBox": [555, 78, 795, 386], "classname": "face_with_mask", "Confidence": 1, "Attributes": {}}, {"isProtected": false, "ID": 429534336558395456, "BoundingBox": [565, 193, 777, 355], "classname": "mask_colorful", "Confidence": 1, "Attributes": {}}, {"isProtected": false, "ID": 416110522991674176, "BoundingBox": [884, 241, 1078, 468], "classname": "face_with_mask", "Confidence": 1, "Attributes": {}}, {"isProtected": false, "ID": 420369909403383616, "BoundingBox": [885, 336, 1032, 449], "classname": "mask_colorful", "Confidence": 1, "Attributes": {}}, {"isProtected": false, "ID": 156366285120529760, "BoundingBox": [185, 248, 353, 448], "classname": "face_with_mask", "Confidence": 1, "Attributes": {}}, {"isProtected": false, "ID": 904109618783668480, "BoundingBox": [207, 301, 334, 360], "classname": "eyeglasses", "Confidence": 1, "Attributes": {}}, {"isProtected": false, "ID": 997099977149621376, "BoundingBox": [191, 338, 336, 442], "classname": "mask_colorful", "Confidence": 1, "Attributes": {}}]}