{"FileName": "1925.jpg", "NumOfAnno": 4, "Annotations": [{"isProtected": false, "ID": 411465062793332736, "BoundingBox": [577, 154, 670, 234], "classname": "mask_surgical", "Confidence": 1, "Attributes": {}}, {"isProtected": false, "ID": 421469535257962240, "BoundingBox": [565, 118, 675, 243], "classname": "face_shield", "Confidence": 1, "Attributes": {}}, {"isProtected": false, "ID": 845014701220847488, "BoundingBox": [558, 51, 717, 231], "classname": "face_with_mask", "Confidence": 1, "Attributes": {}}, {"isProtected": false, "ID": 217433330231692192, "BoundingBox": [548, 89, 695, 253], "classname": "face_with_mask", "Confidence": 1, "Attributes": {}}]}