{"FileName": "1927.jpg", "NumOfAnno": 3, "Annotations": [{"isProtected": false, "ID": 563781623988633536, "BoundingBox": [846, 103, 1170, 521], "classname": "face_with_mask", "Confidence": 1, "Attributes": {}}, {"isProtected": false, "ID": 771253617710938496, "BoundingBox": [872, 291, 1143, 499], "classname": "mask_colorful", "Confidence": 1, "Attributes": {}}, {"isProtected": false, "ID": 991380630402178048, "BoundingBox": [862, 37, 1154, 231], "classname": "hat", "Confidence": 1, "Attributes": {}}]}