{"FileName": "1929.jpg", "NumOfAnno": 3, "Annotations": [{"isProtected": false, "ID": 149739727656647104, "BoundingBox": [556, 101, 805, 398], "classname": "face_other_covering", "Confidence": 1, "Attributes": {}}, {"isProtected": false, "ID": 861974095584939776, "BoundingBox": [562, 152, 793, 298], "classname": "goggles", "Confidence": 1, "Attributes": {}}, {"isProtected": false, "ID": 998873574015828352, "BoundingBox": [559, 79, 803, 233], "classname": "helmet", "Confidence": 1, "Attributes": {}}]}