{"FileName": "1930.jpg", "NumOfAnno": 3, "Annotations": [{"isProtected": false, "ID": 75086033004854384, "BoundingBox": [236, 116, 603, 590], "classname": "face_other_covering", "Confidence": 1, "Attributes": {}}, {"isProtected": false, "ID": 278538083092432320, "BoundingBox": [239, 58, 638, 397], "classname": "hat", "Confidence": 1, "Attributes": {}}, {"isProtected": false, "ID": 593886696091565056, "BoundingBox": [252, 238, 570, 371], "classname": "eyeglasses", "Confidence": 1, "Attributes": {}}]}