{"FileName": "1933.jpg", "NumOfAnno": 4, "Annotations": [{"isProtected": false, "ID": 874811138436208896, "BoundingBox": [928, 479, 1377, 1003], "classname": "face_with_mask", "Confidence": 1, "Attributes": {}}, {"isProtected": false, "ID": 842921795447711488, "BoundingBox": [307, 309, 783, 888], "classname": "face_with_mask", "Confidence": 1, "Attributes": {}}, {"isProtected": false, "ID": 938010422731774976, "BoundingBox": [953, 702, 1230, 980], "classname": "mask_colorful", "Confidence": 1, "Attributes": {}}, {"isProtected": false, "ID": 885560848121443584, "BoundingBox": [478, 593, 762, 867], "classname": "mask_colorful", "Confidence": 1, "Attributes": {}}]}