{"FileName": "1938.jpg", "NumOfAnno": 6, "Annotations": [{"isProtected": false, "ID": 834987936499970176, "BoundingBox": [324, 69, 384, 155], "classname": "face_with_mask", "Confidence": 1, "Attributes": {}}, {"isProtected": false, "ID": 370553325348322752, "BoundingBox": [149, 89, 222, 169], "classname": "face_with_mask", "Confidence": 1, "Attributes": {}}, {"isProtected": false, "ID": 702118795582040576, "BoundingBox": [331, 111, 386, 155], "classname": "mask_surgical", "Confidence": 1, "Attributes": {}}, {"isProtected": false, "ID": 750067187905128448, "BoundingBox": [165, 122, 216, 171], "classname": "mask_surgical", "Confidence": 1, "Attributes": {}}, {"isProtected": false, "ID": 218389938394187840, "BoundingBox": [81, 91, 136, 167], "classname": "face_no_mask", "Confidence": 1, "Attributes": {}}, {"isProtected": false, "ID": 492207423947889408, "BoundingBox": [4, 58, 45, 116], "classname": "face_no_mask", "Confidence": 1, "Attributes": {}}]}