{"FileName": "1939.jpg", "NumOfAnno": 18, "Annotations": [{"isProtected": false, "ID": 15260511996808890, "BoundingBox": [1466, 287, 1662, 503], "classname": "face_with_mask", "Confidence": 1, "Attributes": {}}, {"isProtected": false, "ID": 60468237286515512, "BoundingBox": [1071, 266, 1254, 505], "classname": "face_with_mask", "Confidence": 1, "Attributes": {}}, {"isProtected": false, "ID": 507691061258513920, "BoundingBox": [393, 385, 602, 622], "classname": "face_with_mask", "Confidence": 1, "Attributes": {}}, {"isProtected": false, "ID": 963816107060211840, "BoundingBox": [683, 227, 819, 383], "classname": "face_with_mask", "Confidence": 1, "Attributes": {}}, {"isProtected": false, "ID": 966205873651286912, "BoundingBox": [407, 152, 565, 321], "classname": "face_with_mask", "Confidence": 1, "Attributes": {}}, {"isProtected": false, "ID": 157943631880194784, "BoundingBox": [1462, 395, 1639, 505], "classname": "mask_surgical", "Confidence": 1, "Attributes": {}}, {"isProtected": false, "ID": 727499008995078400, "BoundingBox": [1068, 394, 1218, 508], "classname": "mask_surgical", "Confidence": 1, "Attributes": {}}, {"isProtected": false, "ID": 818446056226927488, "BoundingBox": [429, 501, 577, 600], "classname": "mask_surgical", "Confidence": 1, "Attributes": {}}, {"isProtected": false, "ID": 99547378220271936, "BoundingBox": [709, 298, 803, 367], "classname": "mask_surgical", "Confidence": 1, "Attributes": {}}, {"isProtected": false, "ID": 254909096660207008, "BoundingBox": [455, 201, 551, 295], "classname": "mask_surgical", "Confidence": 1, "Attributes": {}}, {"isProtected": false, "ID": 651984807927131904, "BoundingBox": [365, 348, 609, 494], "classname": "hair_net", "Confidence": 1, "Attributes": {}}, {"isProtected": false, "ID": 832744977131524608, "BoundingBox": [418, 129, 553, 208], "classname": "hair_net", "Confidence": 1, "Attributes": {}}, {"isProtected": false, "ID": 448834577107205888, "BoundingBox": [679, 208, 817, 300], "classname": "hair_net", "Confidence": 1, "Attributes": {}}, {"isProtected": false, "ID": 118990026713830528, "BoundingBox": [1105, 256, 1293, 407], "classname": "hair_net", "Confidence": 1, "Attributes": {}}, {"isProtected": false, "ID": 366194017390266944, "BoundingBox": [1451, 220, 1690, 358], "classname": "hair_net", "Confidence": 1, "Attributes": {}}, {"isProtected": false, "ID": 893562400316642560, "BoundingBox": [908, 131, 1058, 299], "classname": "face_with_mask", "Confidence": 1, "Attributes": {}}, {"isProtected": false, "ID": 809917408322314112, "BoundingBox": [914, 238, 992, 310], "classname": "mask_surgical", "Confidence": 1, "Attributes": {}}, {"isProtected": false, "ID": 773256235396576256, "BoundingBox": [884, 113, 1054, 234], "classname": "hair_net", "Confidence": 1, "Attributes": {}}]}