{"FileName": "1940.jpg", "NumOfAnno": 9, "Annotations": [{"isProtected": false, "ID": 600205783245356160, "BoundingBox": [1181, 310, 1456, 657], "classname": "face_with_mask", "Confidence": 1, "Attributes": {}}, {"isProtected": false, "ID": 939106025163087232, "BoundingBox": [913, 231, 1115, 494], "classname": "face_no_mask", "Confidence": 1, "Attributes": {}}, {"isProtected": false, "ID": 283234866815739936, "BoundingBox": [1541, 541, 1757, 782], "classname": "face_with_mask", "Confidence": 1, "Attributes": {}}, {"isProtected": false, "ID": 898933039279580544, "BoundingBox": [1255, 516, 1462, 666], "classname": "mask_surgical", "Confidence": 1, "Attributes": {}}, {"isProtected": false, "ID": 65813671057027064, "BoundingBox": [1542, 653, 1719, 784], "classname": "mask_surgical", "Confidence": 1, "Attributes": {}}, {"isProtected": false, "ID": 605923019152262528, "BoundingBox": [1535, 458, 1771, 751], "classname": "hat", "Confidence": 1, "Attributes": {}}, {"isProtected": false, "ID": 300927194380696064, "BoundingBox": [913, 231, 1115, 494], "classname": "face_no_mask", "Confidence": 1, "Attributes": {}}, {"isProtected": false, "ID": 678342263166492160, "BoundingBox": [613, 543, 817, 787], "classname": "face_no_mask", "Confidence": 1, "Attributes": {}}, {"isProtected": false, "ID": 116531634662998992, "BoundingBox": [155, 292, 320, 476], "classname": "face_no_mask", "Confidence": 1, "Attributes": {}}]}