{"FileName": "1941.jpg", "NumOfAnno": 10, "Annotations": [{"isProtected": false, "ID": 921002231080099328, "BoundingBox": [501, 32, 546, 93], "classname": "face_with_mask", "Confidence": 1, "Attributes": {}}, {"isProtected": false, "ID": 804624479676318080, "BoundingBox": [468, 24, 507, 78], "classname": "face_with_mask", "Confidence": 1, "Attributes": {}}, {"isProtected": false, "ID": 982262132745925120, "BoundingBox": [376, 29, 419, 84], "classname": "face_with_mask", "Confidence": 1, "Attributes": {}}, {"isProtected": false, "ID": 839734606621722112, "BoundingBox": [334, 27, 375, 80], "classname": "face_with_mask", "Confidence": 1, "Attributes": {}}, {"isProtected": false, "ID": 170074424515942688, "BoundingBox": [70, 14, 122, 75], "classname": "face_with_mask", "Confidence": 1, "Attributes": {}}, {"isProtected": false, "ID": 504256681631156672, "BoundingBox": [89, 35, 120, 68], "classname": "mask_surgical", "Confidence": 1, "Attributes": {}}, {"isProtected": false, "ID": 313837716482988608, "BoundingBox": [337, 46, 370, 70], "classname": "mask_surgical", "Confidence": 1, "Attributes": {}}, {"isProtected": false, "ID": 305261153811110272, "BoundingBox": [382, 50, 410, 78], "classname": "mask_surgical", "Confidence": 1, "Attributes": {}}, {"isProtected": false, "ID": 703416784531777920, "BoundingBox": [474, 46, 501, 70], "classname": "mask_surgical", "Confidence": 1, "Attributes": {}}, {"isProtected": false, "ID": 409703531757937280, "BoundingBox": [507, 60, 532, 87], "classname": "mask_surgical", "Confidence": 1, "Attributes": {}}]}