{"FileName": "1943.jpg", "NumOfAnno": 4, "Annotations": [{"isProtected": false, "ID": 602866547888826624, "BoundingBox": [111, 54, 246, 218], "classname": "face_with_mask", "Confidence": 1, "Attributes": {}}, {"isProtected": false, "ID": 235218193441780736, "BoundingBox": [111, 125, 173, 217], "classname": "mask_surgical", "Confidence": 1, "Attributes": {}}, {"isProtected": false, "ID": 504708072200670464, "BoundingBox": [410, 69, 515, 205], "classname": "face_with_mask", "Confidence": 1, "Attributes": {}}, {"isProtected": false, "ID": 979542581869945088, "BoundingBox": [403, 146, 446, 201], "classname": "mask_surgical", "Confidence": 1, "Attributes": {}}]}