{"FileName": "1945.jpg", "NumOfAnno": 3, "Annotations": [{"isProtected": false, "ID": 542853558632923200, "BoundingBox": [417, 221, 546, 375], "classname": "mask_colorful", "Confidence": 1, "Attributes": {}}, {"isProtected": false, "ID": 198846419911627424, "BoundingBox": [118, 231, 261, 375], "classname": "mask_colorful", "Confidence": 1, "Attributes": {}}, {"isProtected": false, "ID": 635019825657509888, "BoundingBox": [258, 158, 342, 254], "classname": "mask_colorful", "Confidence": 1, "Attributes": {}}]}