{"FileName": "1946.jpg", "NumOfAnno": 6, "Annotations": [{"isProtected": false, "ID": 286345942735492192, "BoundingBox": [208, 66, 294, 166], "classname": "face_with_mask", "Confidence": 1, "Attributes": {}}, {"isProtected": false, "ID": 18693981606780376, "BoundingBox": [211, 115, 272, 158], "classname": "mask_surgical", "Confidence": 1, "Attributes": {}}, {"isProtected": false, "ID": 331770006062651968, "BoundingBox": [294, 234, 370, 302], "classname": "mask_colorful", "Confidence": 1, "Attributes": {}}, {"isProtected": false, "ID": 245824095036192416, "BoundingBox": [409, 317, 477, 386], "classname": "mask_colorful", "Confidence": 1, "Attributes": {}}, {"isProtected": false, "ID": 640930342919905408, "BoundingBox": [529, 306, 586, 361], "classname": "mask_colorful", "Confidence": 1, "Attributes": {}}, {"isProtected": false, "ID": 638482759244300672, "BoundingBox": [209, 13, 318, 150], "classname": "face_with_mask", "Confidence": 1, "Attributes": {}}]}