{"FileName": "1947.jpg", "NumOfAnno": 13, "Annotations": [{"isProtected": false, "ID": 189439192132758496, "BoundingBox": [460, 180, 739, 540], "classname": "face_with_mask", "Confidence": 1, "Attributes": {}}, {"isProtected": false, "ID": 803537125952319104, "BoundingBox": [459, 390, 722, 550], "classname": "mask_surgical", "Confidence": 1, "Attributes": {}}, {"isProtected": false, "ID": 144094687009427408, "BoundingBox": [482, 356, 702, 431], "classname": "eyeglasses", "Confidence": 1, "Attributes": {}}, {"isProtected": false, "ID": 120633676626945680, "BoundingBox": [73, 213, 336, 492], "classname": "face_with_mask", "Confidence": 1, "Attributes": {}}, {"isProtected": false, "ID": 69430197356409872, "BoundingBox": [203, 349, 342, 503], "classname": "mask_surgical", "Confidence": 1, "Attributes": {}}, {"isProtected": false, "ID": 720346855140476544, "BoundingBox": [914, 172, 1032, 310], "classname": "face_with_mask", "Confidence": 1, "Attributes": {}}, {"isProtected": false, "ID": 381337605395514176, "BoundingBox": [940, 239, 1023, 300], "classname": "mask_surgical", "Confidence": 1, "Attributes": {}}, {"isProtected": false, "ID": 765605186501278976, "BoundingBox": [628, 10, 762, 175], "classname": "face_with_mask", "Confidence": 1, "Attributes": {}}, {"isProtected": false, "ID": 256997306213083360, "BoundingBox": [647, 72, 752, 160], "classname": "mask_surgical", "Confidence": 1, "Attributes": {}}, {"isProtected": false, "ID": 134513977484214784, "BoundingBox": [703, 101, 839, 285], "classname": "face_with_mask", "Confidence": 1, "Attributes": {}}, {"isProtected": false, "ID": 826579863357122304, "BoundingBox": [59, 83, 130, 174], "classname": "face_with_mask", "Confidence": 1, "Attributes": {}}, {"isProtected": false, "ID": 898652256439496064, "BoundingBox": [729, 224, 829, 285], "classname": "mask_surgical", "Confidence": 1, "Attributes": {}}, {"isProtected": false, "ID": 716137458068331904, "BoundingBox": [56, 130, 109, 168], "classname": "mask_surgical", "Confidence": 1, "Attributes": {}}]}