{"FileName": "1948.jpg", "NumOfAnno": 4, "Annotations": [{"isProtected": false, "ID": 488563311512054912, "BoundingBox": [1380, 266, 2179, 1408], "classname": "face_other_covering", "Confidence": 1, "Attributes": {}}, {"isProtected": false, "ID": 293873585022884160, "BoundingBox": [1367, 754, 2194, 1416], "classname": "scarf_bandana", "Confidence": 1, "Attributes": {}}, {"isProtected": false, "ID": 997936512682221312, "BoundingBox": [2388, 389, 2931, 1084], "classname": "face_other_covering", "Confidence": 1, "Attributes": {}}, {"isProtected": false, "ID": 475563138388068864, "BoundingBox": [2369, 389, 3026, 848], "classname": "hat", "Confidence": 1, "Attributes": {}}]}