{"FileName": "1949.jpg", "NumOfAnno": 5, "Annotations": [{"isProtected": false, "ID": 442824554209411584, "BoundingBox": [656, 71, 789, 222], "classname": "face_with_mask", "Confidence": 1, "Attributes": {}}, {"isProtected": false, "ID": 696473028202809088, "BoundingBox": [358, 96, 474, 250], "classname": "face_with_mask", "Confidence": 1, "Attributes": {}}, {"isProtected": false, "ID": 355295204701883008, "BoundingBox": [672, 128, 762, 212], "classname": "mask_surgical", "Confidence": 1, "Attributes": {}}, {"isProtected": false, "ID": 514624904440401344, "BoundingBox": [367, 149, 460, 230], "classname": "mask_surgical", "Confidence": 1, "Attributes": {}}, {"isProtected": false, "ID": 651061056704935936, "BoundingBox": [655, 40, 792, 119], "classname": "hat", "Confidence": 1, "Attributes": {}}]}