{"FileName": "1950.jpg", "NumOfAnno": 4, "Annotations": [{"isProtected": false, "ID": 353525031684173568, "BoundingBox": [680, 8, 838, 223], "classname": "face_with_mask", "Confidence": 1, "Attributes": {}}, {"isProtected": false, "ID": 419459350439761664, "BoundingBox": [403, 51, 489, 152], "classname": "face_with_mask", "Confidence": 1, "Attributes": {}}, {"isProtected": false, "ID": 715288913643829760, "BoundingBox": [690, 99, 823, 215], "classname": "mask_surgical", "Confidence": 1, "Attributes": {}}, {"isProtected": false, "ID": 681009951926280320, "BoundingBox": [415, 87, 478, 137], "classname": "mask_surgical", "Confidence": 1, "Attributes": {}}]}