{"FileName": "1951.jpg", "NumOfAnno": 11, "Annotations": [{"isProtected": false, "ID": 24833087273757548, "BoundingBox": [352, 70, 591, 396], "classname": "face_other_covering", "Confidence": 1, "Attributes": {}}, {"isProtected": false, "ID": 363536304971745600, "BoundingBox": [365, 200, 580, 440], "classname": "scarf_bandana", "Confidence": 1, "Attributes": {}}, {"isProtected": false, "ID": 631879331561923712, "BoundingBox": [852, 154, 1031, 285], "classname": "scarf_bandana", "Confidence": 1, "Attributes": {}}, {"isProtected": false, "ID": 455609638532349120, "BoundingBox": [203, 261, 347, 370], "classname": "scarf_bandana", "Confidence": 1, "Attributes": {}}, {"isProtected": false, "ID": 174073360598464128, "BoundingBox": [598, 126, 709, 164], "classname": "eyeglasses", "Confidence": 1, "Attributes": {}}, {"isProtected": false, "ID": 880969433760729216, "BoundingBox": [1022, 72, 1162, 148], "classname": "hat", "Confidence": 1, "Attributes": {}}, {"isProtected": false, "ID": 719761429670118528, "BoundingBox": [200, 77, 351, 282], "classname": "hood", "Confidence": 1, "Attributes": {}}, {"isProtected": false, "ID": 16775067232370544, "BoundingBox": [204, 113, 356, 348], "classname": "face_other_covering", "Confidence": 1, "Attributes": {}}, {"isProtected": false, "ID": 271161373678128192, "BoundingBox": [593, 70, 711, 229], "classname": "face_other_covering", "Confidence": 1, "Attributes": {}}, {"isProtected": false, "ID": 815442501864179968, "BoundingBox": [848, 54, 1017, 268], "classname": "face_other_covering", "Confidence": 1, "Attributes": {}}, {"isProtected": false, "ID": 976442425256045440, "BoundingBox": [1030, 78, 1145, 227], "classname": "face_other_covering", "Confidence": 1, "Attributes": {}}]}