{"FileName": "1952.jpg", "NumOfAnno": 13, "Annotations": [{"isProtected": false, "ID": 922683271548519040, "BoundingBox": [701, 96, 944, 362], "classname": "face_other_covering", "Confidence": 1, "Attributes": {}}, {"isProtected": false, "ID": 977229943733032576, "BoundingBox": [176, 251, 384, 510], "classname": "face_other_covering", "Confidence": 1, "Attributes": {}}, {"isProtected": false, "ID": 226140669207487648, "BoundingBox": [708, 210, 933, 365], "classname": "scarf_bandana", "Confidence": 1, "Attributes": {}}, {"isProtected": false, "ID": 366292027228734912, "BoundingBox": [185, 340, 381, 502], "classname": "scarf_bandana", "Confidence": 1, "Attributes": {}}, {"isProtected": false, "ID": 775466058846234240, "BoundingBox": [710, 173, 862, 235], "classname": "eyeglasses", "Confidence": 1, "Attributes": {}}, {"isProtected": false, "ID": 555923321010474048, "BoundingBox": [698, 53, 944, 244], "classname": "hat", "Confidence": 1, "Attributes": {}}, {"isProtected": false, "ID": 662752227015268096, "BoundingBox": [130, 179, 374, 331], "classname": "hat", "Confidence": 1, "Attributes": {}}, {"isProtected": false, "ID": 352634074476102848, "BoundingBox": [283, 98, 499, 373], "classname": "face_other_covering", "Confidence": 1, "Attributes": {}}, {"isProtected": false, "ID": 396166156203343488, "BoundingBox": [0, 183, 155, 482], "classname": "face_other_covering", "Confidence": 1, "Attributes": {}}, {"isProtected": false, "ID": 71704093223304064, "BoundingBox": [940, 196, 1100, 357], "classname": "face_no_mask", "Confidence": 1, "Attributes": {}}, {"isProtected": false, "ID": 99141526623363168, "BoundingBox": [1, 184, 153, 483], "classname": "hood", "Confidence": 1, "Attributes": {}}, {"isProtected": false, "ID": 665856677235050240, "BoundingBox": [71, 315, 130, 362], "classname": "eyeglasses", "Confidence": 1, "Attributes": {}}, {"isProtected": false, "ID": 930004326826984704, "BoundingBox": [378, 269, 516, 425], "classname": "scarf_bandana", "Confidence": 1, "Attributes": {}}]}