{"FileName": "1953.jpg", "NumOfAnno": 8, "Annotations": [{"isProtected": false, "ID": 588268420384133504, "BoundingBox": [3588, 293, 4059, 913], "classname": "face_no_mask", "Confidence": 1, "Attributes": {}}, {"isProtected": false, "ID": 704233668799486976, "BoundingBox": [2613, 464, 2940, 890], "classname": "face_no_mask", "Confidence": 1, "Attributes": {}}, {"isProtected": false, "ID": 460198591270774208, "BoundingBox": [1617, 456, 1997, 963], "classname": "face_no_mask", "Confidence": 1, "Attributes": {}}, {"isProtected": false, "ID": 842120439231732352, "BoundingBox": [2000, 318, 2555, 1154], "classname": "face_with_mask", "Confidence": 1, "Attributes": {}}, {"isProtected": false, "ID": 667180788458801152, "BoundingBox": [222, 294, 764, 1037], "classname": "face_other_covering", "Confidence": 1, "Attributes": {}}, {"isProtected": false, "ID": 273474345692322112, "BoundingBox": [198, 635, 702, 1019], "classname": "scarf_bandana", "Confidence": 1, "Attributes": {}}, {"isProtected": false, "ID": 173432703609104000, "BoundingBox": [2037, 755, 2536, 1183], "classname": "mask_surgical", "Confidence": 1, "Attributes": {}}, {"isProtected": false, "ID": 887918686244285568, "BoundingBox": [3153, 562, 3412, 817], "classname": "face_no_mask", "Confidence": 1, "Attributes": {}}]}