{"FileName": "1956.jpg", "NumOfAnno": 5, "Annotations": [{"isProtected": false, "ID": 608331666075406976, "BoundingBox": [349, 58, 508, 248], "classname": "face_with_mask", "Confidence": 1, "Attributes": {}}, {"isProtected": false, "ID": 714917999032729728, "BoundingBox": [350, 156, 439, 256], "classname": "mask_surgical", "Confidence": 1, "Attributes": {}}, {"isProtected": false, "ID": 110002936893111472, "BoundingBox": [342, 138, 411, 172], "classname": "eyeglasses", "Confidence": 1, "Attributes": {}}, {"isProtected": false, "ID": 631668383487435008, "BoundingBox": [31, 233, 95, 310], "classname": "face_with_mask", "Confidence": 1, "Attributes": {}}, {"isProtected": false, "ID": 89922004352351424, "BoundingBox": [61, 285, 95, 313], "classname": "mask_surgical", "Confidence": 1, "Attributes": {}}]}