{"FileName": "1958.jpg", "NumOfAnno": 3, "Annotations": [{"isProtected": false, "ID": 286950959612001888, "BoundingBox": [249, 76, 636, 571], "classname": "face_other_covering", "Confidence": 1, "Attributes": {}}, {"isProtected": false, "ID": 711626543297975168, "BoundingBox": [268, 156, 671, 570], "classname": "gas_mask", "Confidence": 1, "Attributes": {}}, {"isProtected": false, "ID": 894121781661894784, "BoundingBox": [142, 1, 645, 505], "classname": "hood", "Confidence": 1, "Attributes": {}}]}