{"FileName": "1960.jpg", "NumOfAnno": 6, "Annotations": [{"isProtected": false, "ID": 577941272347920896, "BoundingBox": [261, 33, 411, 253], "classname": "face_with_mask", "Confidence": 1, "Attributes": {}}, {"isProtected": false, "ID": 494076046860581376, "BoundingBox": [278, 118, 397, 236], "classname": "mask_surgical", "Confidence": 1, "Attributes": {}}, {"isProtected": false, "ID": 695926541766746368, "BoundingBox": [41, 26, 187, 260], "classname": "face_with_mask", "Confidence": 1, "Attributes": {}}, {"isProtected": false, "ID": 522165599091263488, "BoundingBox": [58, 109, 169, 243], "classname": "mask_surgical", "Confidence": 1, "Attributes": {}}, {"isProtected": false, "ID": 471235321098960960, "BoundingBox": [227, 14, 408, 247], "classname": "hijab_niqab", "Confidence": 1, "Attributes": {}}, {"isProtected": false, "ID": 112959548428298032, "BoundingBox": [7, 4, 177, 271], "classname": "hijab_niqab", "Confidence": 1, "Attributes": {}}]}