{"FileName": "1961.png", "NumOfAnno": 3, "Annotations": [{"isProtected": false, "ID": 42582643847772104, "BoundingBox": [188, 128, 506, 435], "classname": "face_with_mask", "Confidence": 1, "Attributes": {}}, {"isProtected": false, "ID": 861969755415670144, "BoundingBox": [223, 250, 487, 434], "classname": "mask_surgical", "Confidence": 1, "Attributes": {}}, {"isProtected": false, "ID": 661441618368406144, "BoundingBox": [206, 189, 451, 301], "classname": "eyeglasses", "Confidence": 1, "Attributes": {}}]}