{"FileName": "1967.jpg", "NumOfAnno": 5, "Annotations": [{"isProtected": false, "ID": 600109060098948096, "BoundingBox": [539, 74, 631, 177], "classname": "face_no_mask", "Confidence": 1, "Attributes": {}}, {"isProtected": false, "ID": 839144245052702464, "BoundingBox": [267, 59, 394, 200], "classname": "face_with_mask", "Confidence": 1, "Attributes": {}}, {"isProtected": false, "ID": 724649330964559616, "BoundingBox": [274, 106, 344, 184], "classname": "mask_surgical", "Confidence": 1, "Attributes": {}}, {"isProtected": false, "ID": 61515588920190824, "BoundingBox": [271, 3, 409, 80], "classname": "hat", "Confidence": 1, "Attributes": {}}, {"isProtected": false, "ID": 319626399178410624, "BoundingBox": [541, 115, 596, 141], "classname": "sunglasses", "Confidence": 1, "Attributes": {}}]}