{"FileName": "1968.jpg", "NumOfAnno": 4, "Annotations": [{"isProtected": false, "ID": 464124937345737664, "BoundingBox": [987, 235, 1102, 408], "classname": "face_other_covering", "Confidence": 1, "Attributes": {}}, {"isProtected": false, "ID": 708060394317687296, "BoundingBox": [995, 319, 1089, 398], "classname": "gas_mask", "Confidence": 1, "Attributes": {}}, {"isProtected": false, "ID": 942161727652564736, "BoundingBox": [995, 296, 1062, 332], "classname": "goggles", "Confidence": 1, "Attributes": {}}, {"isProtected": false, "ID": 45523578584285464, "BoundingBox": [1005, 238, 1127, 344], "classname": "hood", "Confidence": 1, "Attributes": {}}]}