{"FileName": "1969.jpg", "NumOfAnno": 4, "Annotations": [{"isProtected": false, "ID": 76314743056155264, "BoundingBox": [388, 77, 489, 210], "classname": "face_with_mask", "Confidence": 1, "Attributes": {}}, {"isProtected": false, "ID": 396183334777333376, "BoundingBox": [683, 104, 784, 242], "classname": "face_with_mask", "Confidence": 1, "Attributes": {}}, {"isProtected": false, "ID": 493424901344052672, "BoundingBox": [691, 153, 744, 230], "classname": "mask_surgical", "Confidence": 1, "Attributes": {}}, {"isProtected": false, "ID": 373771196526616256, "BoundingBox": [416, 124, 478, 204], "classname": "mask_surgical", "Confidence": 1, "Attributes": {}}]}