{"FileName": "1970.jpg", "NumOfAnno": 4, "Annotations": [{"isProtected": false, "ID": 102644458053099968, "BoundingBox": [229, 143, 293, 227], "classname": "face_other_covering", "Confidence": 1, "Attributes": {}}, {"isProtected": false, "ID": 71164313734451536, "BoundingBox": [235, 176, 284, 214], "classname": "scarf_bandana", "Confidence": 1, "Attributes": {}}, {"isProtected": false, "ID": 549235222160174976, "BoundingBox": [225, 150, 289, 226], "classname": "face_other_covering", "Confidence": 1, "Attributes": {}}, {"isProtected": false, "ID": 999960547230277504, "BoundingBox": [237, 148, 288, 173], "classname": "hat", "Confidence": 1, "Attributes": {}}]}