{"FileName": "1971.jpg", "NumOfAnno": 4, "Annotations": [{"isProtected": false, "ID": 723514215922465536, "BoundingBox": [263, 33, 391, 181], "classname": "face_with_mask", "Confidence": 1, "Attributes": {}}, {"isProtected": false, "ID": 174505942952308704, "BoundingBox": [325, 65, 388, 102], "classname": "sunglasses", "Confidence": 1, "Attributes": {}}, {"isProtected": false, "ID": 771258601274319488, "BoundingBox": [300, 92, 385, 167], "classname": "mask_colorful", "Confidence": 1, "Attributes": {}}, {"isProtected": false, "ID": 210399940173919168, "BoundingBox": [249, 25, 378, 90], "classname": "hat", "Confidence": 1, "Attributes": {}}]}