{"FileName": "1972.jpg", "NumOfAnno": 11, "Annotations": [{"isProtected": false, "ID": 793970559659092096, "BoundingBox": [559, 184, 605, 247], "classname": "face_with_mask", "Confidence": 1, "Attributes": {}}, {"isProtected": false, "ID": 601061429846838912, "BoundingBox": [449, 195, 495, 256], "classname": "face_with_mask", "Confidence": 1, "Attributes": {}}, {"isProtected": false, "ID": 537531451491484416, "BoundingBox": [361, 208, 412, 267], "classname": "face_with_mask", "Confidence": 1, "Attributes": {}}, {"isProtected": false, "ID": 561120232952557056, "BoundingBox": [597, 170, 623, 212], "classname": "hat", "Confidence": 1, "Attributes": {}}, {"isProtected": false, "ID": 585897303610551424, "BoundingBox": [470, 171, 516, 222], "classname": "hat", "Confidence": 1, "Attributes": {}}, {"isProtected": false, "ID": 794812626410433280, "BoundingBox": [371, 176, 420, 209], "classname": "hat", "Confidence": 1, "Attributes": {}}, {"isProtected": false, "ID": 418883060354688384, "BoundingBox": [564, 195, 598, 212], "classname": "eyeglasses", "Confidence": 1, "Attributes": {}}, {"isProtected": false, "ID": 875140873899865856, "BoundingBox": [368, 223, 400, 241], "classname": "eyeglasses", "Confidence": 1, "Attributes": {}}, {"isProtected": false, "ID": 774086497447668864, "BoundingBox": [563, 207, 602, 240], "classname": "mask_surgical", "Confidence": 1, "Attributes": {}}, {"isProtected": false, "ID": 448623261810763200, "BoundingBox": [455, 214, 495, 244], "classname": "mask_surgical", "Confidence": 1, "Attributes": {}}, {"isProtected": false, "ID": 731714400961532928, "BoundingBox": [372, 228, 409, 260], "classname": "mask_surgical", "Confidence": 1, "Attributes": {}}]}