{"FileName": "1973.jpg", "NumOfAnno": 3, "Annotations": [{"isProtected": false, "ID": 457824113581777408, "BoundingBox": [236, 126, 395, 319], "classname": "face_with_mask", "Confidence": 1, "Attributes": {}}, {"isProtected": false, "ID": 946726094561459840, "BoundingBox": [250, 208, 348, 304], "classname": "mask_surgical", "Confidence": 1, "Attributes": {}}, {"isProtected": false, "ID": 706464297099176320, "BoundingBox": [225, 108, 446, 343], "classname": "hijab_niqab", "Confidence": 1, "Attributes": {}}]}