{"FileName": "1974.jpg", "NumOfAnno": 4, "Annotations": [{"isProtected": false, "ID": 6666389913554505, "BoundingBox": [1050, 51, 1613, 691], "classname": "face_with_mask", "Confidence": 1, "Attributes": {}}, {"isProtected": false, "ID": 174226025395323488, "BoundingBox": [264, 263, 776, 830], "classname": "face_with_mask", "Confidence": 1, "Attributes": {}}, {"isProtected": false, "ID": 711012850914862208, "BoundingBox": [1154, 275, 1484, 654], "classname": "mask_surgical", "Confidence": 1, "Attributes": {}}, {"isProtected": false, "ID": 266080125988935712, "BoundingBox": [309, 502, 643, 813], "classname": "mask_surgical", "Confidence": 1, "Attributes": {}}]}