{"FileName": "1978.jpg", "NumOfAnno": 13, "Annotations": [{"isProtected": false, "ID": 186484638821097344, "BoundingBox": [221, 256, 450, 535], "classname": "face_with_mask", "Confidence": 1, "Attributes": {}}, {"isProtected": false, "ID": 895471435473670272, "BoundingBox": [312, 335, 504, 524], "classname": "mask_surgical", "Confidence": 1, "Attributes": {}}, {"isProtected": false, "ID": 972140479439579136, "BoundingBox": [134, 169, 320, 352], "classname": "mask_surgical", "Confidence": 1, "Attributes": {}}, {"isProtected": false, "ID": 632970939896917760, "BoundingBox": [0, 6, 327, 352], "classname": "face_with_mask", "Confidence": 1, "Attributes": {}}, {"isProtected": false, "ID": 588847382573590528, "BoundingBox": [709, 36, 871, 235], "classname": "face_with_mask", "Confidence": 1, "Attributes": {}}, {"isProtected": false, "ID": 361633427115295424, "BoundingBox": [721, 97, 853, 146], "classname": "eyeglasses", "Confidence": 1, "Attributes": {}}, {"isProtected": false, "ID": 606398239824057472, "BoundingBox": [716, 125, 863, 227], "classname": "mask_surgical", "Confidence": 1, "Attributes": {}}, {"isProtected": false, "ID": 161960689748741440, "BoundingBox": [636, 142, 719, 215], "classname": "mask_surgical", "Confidence": 1, "Attributes": {}}, {"isProtected": false, "ID": 904021572739406080, "BoundingBox": [340, 185, 412, 241], "classname": "mask_surgical", "Confidence": 1, "Attributes": {}}, {"isProtected": false, "ID": 369246802311782528, "BoundingBox": [481, 96, 538, 143], "classname": "mask_surgical", "Confidence": 1, "Attributes": {}}, {"isProtected": false, "ID": 695902602712943872, "BoundingBox": [636, 67, 716, 221], "classname": "face_with_mask", "Confidence": 1, "Attributes": {}}, {"isProtected": false, "ID": 334835754656870464, "BoundingBox": [470, 32, 553, 138], "classname": "face_with_mask", "Confidence": 1, "Attributes": {}}, {"isProtected": false, "ID": 304385697904819072, "BoundingBox": [344, 125, 427, 244], "classname": "face_with_mask", "Confidence": 1, "Attributes": {}}]}