{"FileName": "1980.jpg", "NumOfAnno": 8, "Annotations": [{"isProtected": false, "ID": 546381101114612608, "BoundingBox": [544, 92, 644, 217], "classname": "face_with_mask", "Confidence": 1, "Attributes": {}}, {"isProtected": false, "ID": 710728529090399616, "BoundingBox": [386, 99, 492, 234], "classname": "face_with_mask", "Confidence": 1, "Attributes": {}}, {"isProtected": false, "ID": 228214167856790496, "BoundingBox": [577, 151, 631, 202], "classname": "mask_surgical", "Confidence": 1, "Attributes": {}}, {"isProtected": false, "ID": 636916075194552832, "BoundingBox": [421, 162, 479, 216], "classname": "mask_surgical", "Confidence": 1, "Attributes": {}}, {"isProtected": false, "ID": 657923139493895168, "BoundingBox": [592, 147, 636, 163], "classname": "sunglasses", "Confidence": 1, "Attributes": {}}, {"isProtected": false, "ID": 45389297397032128, "BoundingBox": [429, 147, 487, 178], "classname": "sunglasses", "Confidence": 1, "Attributes": {}}, {"isProtected": false, "ID": 439599169927594944, "BoundingBox": [551, 93, 625, 158], "classname": "hat", "Confidence": 1, "Attributes": {}}, {"isProtected": false, "ID": 993748778063153664, "BoundingBox": [391, 102, 477, 176], "classname": "hat", "Confidence": 1, "Attributes": {}}]}