{"FileName": "1981.jpg", "NumOfAnno": 7, "Annotations": [{"isProtected": false, "ID": 981953605435190784, "BoundingBox": [414, 18, 492, 119], "classname": "face_with_mask", "Confidence": 1, "Attributes": {}}, {"isProtected": false, "ID": 444115861723832192, "BoundingBox": [266, 30, 339, 122], "classname": "face_with_mask", "Confidence": 1, "Attributes": {}}, {"isProtected": false, "ID": 718383309260354176, "BoundingBox": [418, 23, 487, 61], "classname": "hat", "Confidence": 1, "Attributes": {}}, {"isProtected": false, "ID": 430058842130452416, "BoundingBox": [276, 35, 324, 66], "classname": "hat", "Confidence": 1, "Attributes": {}}, {"isProtected": false, "ID": 18027170328392740, "BoundingBox": [433, 72, 473, 106], "classname": "mask_surgical", "Confidence": 1, "Attributes": {}}, {"isProtected": false, "ID": 347119704353281088, "BoundingBox": [277, 70, 323, 109], "classname": "mask_surgical", "Confidence": 1, "Attributes": {}}, {"isProtected": false, "ID": 976586344774955136, "BoundingBox": [283, 59, 329, 83], "classname": "sunglasses", "Confidence": 1, "Attributes": {}}]}