{"FileName": "1982.png", "NumOfAnno": 12, "Annotations": [{"isProtected": false, "ID": 515896935402781888, "BoundingBox": [482, 73, 579, 197], "classname": "face_other_covering", "Confidence": 1, "Attributes": {}}, {"isProtected": false, "ID": 514626946514070592, "BoundingBox": [313, 16, 413, 146], "classname": "face_other_covering", "Confidence": 1, "Attributes": {}}, {"isProtected": false, "ID": 983780143019423872, "BoundingBox": [184, 55, 282, 189], "classname": "face_other_covering", "Confidence": 1, "Attributes": {}}, {"isProtected": false, "ID": 800801807138617088, "BoundingBox": [93, 53, 178, 166], "classname": "face_other_covering", "Confidence": 1, "Attributes": {}}, {"isProtected": false, "ID": 177144522545291904, "BoundingBox": [502, 115, 568, 152], "classname": "sunglasses", "Confidence": 1, "Attributes": {}}, {"isProtected": false, "ID": 491927862055680384, "BoundingBox": [454, 56, 591, 191], "classname": "hijab_niqab", "Confidence": 1, "Attributes": {}}, {"isProtected": false, "ID": 228635427033437984, "BoundingBox": [286, 6, 422, 149], "classname": "hijab_niqab", "Confidence": 1, "Attributes": {}}, {"isProtected": false, "ID": 626829402421063936, "BoundingBox": [124, 35, 296, 189], "classname": "hijab_niqab", "Confidence": 1, "Attributes": {}}, {"isProtected": false, "ID": 953143868950679040, "BoundingBox": [44, 34, 183, 189], "classname": "hijab_niqab", "Confidence": 1, "Attributes": {}}, {"isProtected": false, "ID": 67218987358348080, "BoundingBox": [328, 61, 397, 97], "classname": "eyeglasses", "Confidence": 1, "Attributes": {}}, {"isProtected": false, "ID": 997499944902396544, "BoundingBox": [541, 0, 626, 88], "classname": "face_other_covering", "Confidence": 1, "Attributes": {}}, {"isProtected": false, "ID": 398766878474206976, "BoundingBox": [521, 0, 622, 111], "classname": "hijab_niqab", "Confidence": 1, "Attributes": {}}]}