{"FileName": "1984.jpg", "NumOfAnno": 6, "Annotations": [{"isProtected": false, "ID": 250357053164142912, "BoundingBox": [835, 93, 989, 270], "classname": "face_with_mask", "Confidence": 1, "Attributes": {}}, {"isProtected": false, "ID": 777071586642529536, "BoundingBox": [840, 167, 977, 260], "classname": "mask_colorful", "Confidence": 1, "Attributes": {}}, {"isProtected": false, "ID": 895408254367838720, "BoundingBox": [854, 133, 974, 197], "classname": "sunglasses", "Confidence": 1, "Attributes": {}}, {"isProtected": false, "ID": 526479439937850304, "BoundingBox": [10, 2, 288, 267], "classname": "face_with_mask", "Confidence": 1, "Attributes": {}}, {"isProtected": false, "ID": 788196705350796288, "BoundingBox": [45, 3, 286, 95], "classname": "hat", "Confidence": 1, "Attributes": {}}, {"isProtected": false, "ID": 374563734059004480, "BoundingBox": [114, 85, 270, 239], "classname": "mask_surgical", "Confidence": 1, "Attributes": {}}]}