{"FileName": "1985.jpg", "NumOfAnno": 9, "Annotations": [{"isProtected": false, "ID": 87738969245878208, "BoundingBox": [452, 100, 537, 190], "classname": "face_other_covering", "Confidence": 1, "Attributes": {}}, {"isProtected": false, "ID": 705341100880263808, "BoundingBox": [354, 80, 418, 154], "classname": "face_other_covering", "Confidence": 1, "Attributes": {}}, {"isProtected": false, "ID": 948141655056175360, "BoundingBox": [459, 138, 492, 164], "classname": "eyeglasses", "Confidence": 1, "Attributes": {}}, {"isProtected": false, "ID": 681258953580165888, "BoundingBox": [364, 102, 405, 124], "classname": "eyeglasses", "Confidence": 1, "Attributes": {}}, {"isProtected": false, "ID": 556112578875503360, "BoundingBox": [455, 57, 557, 118], "classname": "helmet", "Confidence": 1, "Attributes": {}}, {"isProtected": false, "ID": 669731791624417152, "BoundingBox": [358, 47, 426, 98], "classname": "helmet", "Confidence": 1, "Attributes": {}}, {"isProtected": false, "ID": 416301118164243648, "BoundingBox": [76, 7, 193, 136], "classname": "face_other_covering", "Confidence": 1, "Attributes": {}}, {"isProtected": false, "ID": 123741202339627600, "BoundingBox": [79, 8, 184, 119], "classname": "helmet", "Confidence": 1, "Attributes": {}}, {"isProtected": false, "ID": 525841945915919168, "BoundingBox": [118, 99, 180, 128], "classname": "eyeglasses", "Confidence": 1, "Attributes": {}}]}