{"FileName": "1986.jpg", "NumOfAnno": 6, "Annotations": [{"isProtected": false, "ID": 493594348974242816, "BoundingBox": [210, 269, 700, 918], "classname": "face_with_mask", "Confidence": 1, "Attributes": {}}, {"isProtected": false, "ID": 657373366401970816, "BoundingBox": [820, 30, 1480, 785], "classname": "face_with_mask", "Confidence": 1, "Attributes": {}}, {"isProtected": false, "ID": 544348813896918592, "BoundingBox": [868, 303, 1270, 755], "classname": "mask_surgical", "Confidence": 1, "Attributes": {}}, {"isProtected": false, "ID": 544430377452422592, "BoundingBox": [262, 503, 685, 897], "classname": "mask_surgical", "Confidence": 1, "Attributes": {}}, {"isProtected": false, "ID": 857028130086317312, "BoundingBox": [835, 203, 1185, 388], "classname": "sunglasses", "Confidence": 1, "Attributes": {}}, {"isProtected": false, "ID": 915664838845451648, "BoundingBox": [45, 139, 740, 925], "classname": "hood", "Confidence": 1, "Attributes": {}}]}