{"FileName": "1987.jpg", "NumOfAnno": 4, "Annotations": [{"isProtected": false, "ID": 998429531988432512, "BoundingBox": [365, 67, 464, 199], "classname": "face_with_mask", "Confidence": 1, "Attributes": {}}, {"isProtected": false, "ID": 467992980447121984, "BoundingBox": [72, 150, 103, 191], "classname": "face_no_mask", "Confidence": 1, "Attributes": {}}, {"isProtected": false, "ID": 739005464801042432, "BoundingBox": [367, 127, 456, 198], "classname": "mask_surgical", "Confidence": 1, "Attributes": {}}, {"isProtected": false, "ID": 315462342033672192, "BoundingBox": [764, 138, 794, 169], "classname": "face_no_mask", "Confidence": 1, "Attributes": {}}]}