{"FileName": "1988.jpg", "NumOfAnno": 3, "Annotations": [{"isProtected": false, "ID": 610618782988555520, "BoundingBox": [436, 187, 717, 532], "classname": "face_no_mask", "Confidence": 1, "Attributes": {}}, {"isProtected": false, "ID": 301888991343162240, "BoundingBox": [1081, 148, 1462, 608], "classname": "face_with_mask", "Confidence": 1, "Attributes": {}}, {"isProtected": false, "ID": 623129422939337088, "BoundingBox": [1111, 361, 1338, 590], "classname": "mask_surgical", "Confidence": 1, "Attributes": {}}]}