{"FileName": "1989.jpg", "NumOfAnno": 8, "Annotations": [{"isProtected": false, "ID": 252168313633293280, "BoundingBox": [250, 96, 366, 227], "classname": "face_no_mask", "Confidence": 1, "Attributes": {}}, {"isProtected": false, "ID": 982555589516121472, "BoundingBox": [461, 184, 585, 325], "classname": "face_with_mask", "Confidence": 1, "Attributes": {}}, {"isProtected": false, "ID": 180179750241547744, "BoundingBox": [474, 232, 558, 313], "classname": "mask_surgical", "Confidence": 1, "Attributes": {}}, {"isProtected": false, "ID": 214580770770658176, "BoundingBox": [365, 238, 480, 356], "classname": "face_no_mask", "Confidence": 1, "Attributes": {}}, {"isProtected": false, "ID": 274043675430199680, "BoundingBox": [1, 150, 126, 315], "classname": "face_no_mask", "Confidence": 1, "Attributes": {}}, {"isProtected": false, "ID": 803927442393349760, "BoundingBox": [655, 241, 916, 498], "classname": "face_other_covering", "Confidence": 1, "Attributes": {}}, {"isProtected": false, "ID": 311653060475518912, "BoundingBox": [671, 335, 754, 409], "classname": "eyeglasses", "Confidence": 1, "Attributes": {}}, {"isProtected": false, "ID": 713099593592016000, "BoundingBox": [128, 30, 237, 183], "classname": "face_no_mask", "Confidence": 1, "Attributes": {}}]}