{"FileName": "1990.jpg", "NumOfAnno": 6, "Annotations": [{"isProtected": false, "ID": 369970780381295936, "BoundingBox": [454, 194, 594, 356], "classname": "face_no_mask", "Confidence": 1, "Attributes": {}}, {"isProtected": false, "ID": 313849684305615872, "BoundingBox": [79, 317, 223, 476], "classname": "face_with_mask", "Confidence": 1, "Attributes": {}}, {"isProtected": false, "ID": 519837045772883904, "BoundingBox": [107, 376, 217, 465], "classname": "mask_surgical", "Confidence": 1, "Attributes": {}}, {"isProtected": false, "ID": 180592711597664000, "BoundingBox": [717, 377, 856, 532], "classname": "face_no_mask", "Confidence": 1, "Attributes": {}}, {"isProtected": false, "ID": 946097822191704576, "BoundingBox": [0, 371, 46, 533], "classname": "face_with_mask", "Confidence": 1, "Attributes": {}}, {"isProtected": false, "ID": 400088080528521984, "BoundingBox": [0, 445, 36, 528], "classname": "mask_surgical", "Confidence": 1, "Attributes": {}}]}