{"FileName": "1991.jpg", "NumOfAnno": 13, "Annotations": [{"isProtected": false, "ID": 376796849895219200, "BoundingBox": [2997, 1201, 3352, 1632], "classname": "face_with_mask", "Confidence": 1, "Attributes": {}}, {"isProtected": false, "ID": 69805359905509064, "BoundingBox": [3534, 1255, 3801, 1572], "classname": "face_other_covering", "Confidence": 1, "Attributes": {}}, {"isProtected": false, "ID": 543129248034956672, "BoundingBox": [2403, 1362, 2803, 1750], "classname": "face_with_mask", "Confidence": 1, "Attributes": {}}, {"isProtected": false, "ID": 26914539494667488, "BoundingBox": [350, 1195, 762, 1593], "classname": "face_other_covering", "Confidence": 1, "Attributes": {}}, {"isProtected": false, "ID": 150854768859923328, "BoundingBox": [3011, 1375, 3315, 1646], "classname": "mask_surgical", "Confidence": 1, "Attributes": {}}, {"isProtected": false, "ID": 80589245215785584, "BoundingBox": [2399, 1476, 2649, 1750], "classname": "mask_surgical", "Confidence": 1, "Attributes": {}}, {"isProtected": false, "ID": 879730178095473280, "BoundingBox": [1074, 1519, 1307, 1800], "classname": "mask_surgical", "Confidence": 1, "Attributes": {}}, {"isProtected": false, "ID": 410076875394278400, "BoundingBox": [1086, 1352, 1470, 1791], "classname": "face_with_mask", "Confidence": 1, "Attributes": {}}, {"isProtected": false, "ID": 36497698347821680, "BoundingBox": [313, 1279, 580, 1443], "classname": "sunglasses", "Confidence": 1, "Attributes": {}}, {"isProtected": false, "ID": 839315428221795584, "BoundingBox": [3573, 1262, 3771, 1362], "classname": "sunglasses", "Confidence": 1, "Attributes": {}}, {"isProtected": false, "ID": 863492996973960064, "BoundingBox": [2375, 1429, 2614, 1560], "classname": "eyeglasses", "Confidence": 1, "Attributes": {}}, {"isProtected": false, "ID": 453333026785012096, "BoundingBox": [2144, 1228, 2315, 1422], "classname": "face_no_mask", "Confidence": 1, "Attributes": {}}, {"isProtected": false, "ID": 516681811154338112, "BoundingBox": [1485, 1235, 1656, 1433], "classname": "face_no_mask", "Confidence": 1, "Attributes": {}}]}