{"FileName": "1992.jpg", "NumOfAnno": 7, "Annotations": [{"isProtected": false, "ID": 841850330530588416, "BoundingBox": [1537, 625, 1916, 1069], "classname": "face_with_mask", "Confidence": 1, "Attributes": {}}, {"isProtected": false, "ID": 768028638331874688, "BoundingBox": [612, 529, 1102, 1029], "classname": "face_with_mask", "Confidence": 1, "Attributes": {}}, {"isProtected": false, "ID": 861988216751287936, "BoundingBox": [2314, 329, 2765, 943], "classname": "face_with_mask", "Confidence": 1, "Attributes": {}}, {"isProtected": false, "ID": 43067699266448600, "BoundingBox": [2336, 581, 2737, 890], "classname": "mask_surgical", "Confidence": 1, "Attributes": {}}, {"isProtected": false, "ID": 371297406561938688, "BoundingBox": [1592, 786, 1883, 1038], "classname": "mask_surgical", "Confidence": 1, "Attributes": {}}, {"isProtected": false, "ID": 204299398495771936, "BoundingBox": [718, 735, 1096, 1004], "classname": "mask_surgical", "Confidence": 1, "Attributes": {}}, {"isProtected": false, "ID": 689106085877259904, "BoundingBox": [1586, 723, 1855, 850], "classname": "eyeglasses", "Confidence": 1, "Attributes": {}}]}