{"FileName": "1993.jpg", "NumOfAnno": 9, "Annotations": [{"isProtected": false, "ID": 614335343022719360, "BoundingBox": [1162, 13, 1386, 281], "classname": "face_with_mask", "Confidence": 1, "Attributes": {}}, {"isProtected": false, "ID": 136090748528156064, "BoundingBox": [462, 623, 559, 679], "classname": "eyeglasses", "Confidence": 1, "Attributes": {}}, {"isProtected": false, "ID": 478075125312666816, "BoundingBox": [281, 604, 367, 664], "classname": "eyeglasses", "Confidence": 1, "Attributes": {}}, {"isProtected": false, "ID": 124453373162985440, "BoundingBox": [392, 589, 586, 765], "classname": "face_with_mask", "Confidence": 1, "Attributes": {}}, {"isProtected": false, "ID": 612084902042278016, "BoundingBox": [187, 557, 377, 782], "classname": "face_with_mask", "Confidence": 1, "Attributes": {}}, {"isProtected": false, "ID": 209611626306047808, "BoundingBox": [356, 542, 512, 646], "classname": "hat", "Confidence": 1, "Attributes": {}}, {"isProtected": false, "ID": 451512980909008576, "BoundingBox": [1222, 112, 1375, 267], "classname": "mask_surgical", "Confidence": 1, "Attributes": {}}, {"isProtected": false, "ID": 815395718620365568, "BoundingBox": [253, 624, 368, 771], "classname": "mask_surgical", "Confidence": 1, "Attributes": {}}, {"isProtected": false, "ID": 243073055553664544, "BoundingBox": [446, 649, 563, 750], "classname": "mask_colorful", "Confidence": 1, "Attributes": {}}]}