{"FileName": "1994.jpg", "NumOfAnno": 3, "Annotations": [{"isProtected": false, "ID": 648307326376011264, "BoundingBox": [647, 479, 837, 717], "classname": "face_no_mask", "Confidence": 1, "Attributes": {}}, {"isProtected": false, "ID": 58541104783041088, "BoundingBox": [327, 117, 600, 407], "classname": "face_other_covering", "Confidence": 1, "Attributes": {}}, {"isProtected": false, "ID": 26759629829191556, "BoundingBox": [425, 258, 608, 410], "classname": "gas_mask", "Confidence": 1, "Attributes": {}}]}