{"FileName": "1995.jpg", "NumOfAnno": 5, "Annotations": [{"isProtected": false, "ID": 700543938043198592, "BoundingBox": [481, 94, 654, 301], "classname": "face_with_mask", "Confidence": 1, "Attributes": {}}, {"isProtected": false, "ID": 350529947206959936, "BoundingBox": [267, 66, 429, 265], "classname": "face_with_mask", "Confidence": 1, "Attributes": {}}, {"isProtected": false, "ID": 762678963667120768, "BoundingBox": [488, 194, 601, 294], "classname": "mask_surgical", "Confidence": 1, "Attributes": {}}, {"isProtected": false, "ID": 612931421062416768, "BoundingBox": [295, 161, 412, 253], "classname": "mask_surgical", "Confidence": 1, "Attributes": {}}, {"isProtected": false, "ID": 143238120069781088, "BoundingBox": [494, 71, 601, 113], "classname": "sunglasses", "Confidence": 1, "Attributes": {}}]}