{"FileName": "1998.jpg", "NumOfAnno": 3, "Annotations": [{"isProtected": false, "ID": 520319719496379200, "BoundingBox": [622, 0, 2915, 2411], "classname": "face_other_covering", "Confidence": 1, "Attributes": {}}, {"isProtected": false, "ID": 723191018336545536, "BoundingBox": [1055, 775, 2861, 2710], "classname": "scarf_bandana", "Confidence": 1, "Attributes": {}}, {"isProtected": false, "ID": 322298345251539776, "BoundingBox": [1338, 397, 2809, 1154], "classname": "sunglasses", "Confidence": 1, "Attributes": {}}]}