{"FileName": "1999.jpg", "NumOfAnno": 7, "Annotations": [{"isProtected": false, "ID": 346509709362272192, "BoundingBox": [567, 189, 970, 610], "classname": "face_other_covering", "Confidence": 1, "Attributes": {}}, {"isProtected": false, "ID": 870749135416655872, "BoundingBox": [550, 55, 934, 292], "classname": "hat", "Confidence": 1, "Attributes": {}}, {"isProtected": false, "ID": 84954908237801936, "BoundingBox": [606, 284, 824, 418], "classname": "eyeglasses", "Confidence": 1, "Attributes": {}}, {"isProtected": false, "ID": 820963327465096448, "BoundingBox": [570, 326, 921, 584], "classname": "other", "Confidence": 1, "Attributes": {}}, {"isProtected": false, "ID": 873649123244242432, "BoundingBox": [1219, 380, 1425, 675], "classname": "face_with_mask", "Confidence": 1, "Attributes": {}}, {"isProtected": false, "ID": 178738310004839424, "BoundingBox": [1220, 502, 1325, 561], "classname": "eyeglasses", "Confidence": 1, "Attributes": {}}, {"isProtected": false, "ID": 703854706766572672, "BoundingBox": [1239, 587, 1348, 669], "classname": "mask_surgical", "Confidence": 1, "Attributes": {}}]}