{"FileName": "2000.jpg", "NumOfAnno": 9, "Annotations": [{"isProtected": false, "ID": 927542902364275328, "BoundingBox": [573, 99, 754, 322], "classname": "face_with_mask", "Confidence": 1, "Attributes": {}}, {"isProtected": false, "ID": 767256814135512320, "BoundingBox": [196, 12, 389, 247], "classname": "face_with_mask", "Confidence": 1, "Attributes": {}}, {"isProtected": false, "ID": 187205405538561472, "BoundingBox": [590, 212, 709, 313], "classname": "mask_surgical", "Confidence": 1, "Attributes": {}}, {"isProtected": false, "ID": 388598406112313088, "BoundingBox": [248, 85, 380, 186], "classname": "mask_surgical", "Confidence": 1, "Attributes": {}}, {"isProtected": false, "ID": 625933797196087680, "BoundingBox": [656, 61, 771, 178], "classname": "goggles", "Confidence": 1, "Attributes": {}}, {"isProtected": false, "ID": 311048491160961536, "BoundingBox": [219, 167, 353, 243], "classname": "goggles", "Confidence": 1, "Attributes": {}}, {"isProtected": false, "ID": 772517365635054336, "BoundingBox": [0, 0, 118, 316], "classname": "face_with_mask", "Confidence": 1, "Attributes": {}}, {"isProtected": false, "ID": 826929309389817216, "BoundingBox": [0, 66, 111, 169], "classname": "eyeglasses", "Confidence": 1, "Attributes": {}}, {"isProtected": false, "ID": 705491316329398656, "BoundingBox": [0, 139, 92, 306], "classname": "mask_surgical", "Confidence": 1, "Attributes": {}}]}