{"FileName": "2002.jpg", "NumOfAnno": 4, "Annotations": [{"isProtected": false, "ID": 205647585189870592, "BoundingBox": [79, 82, 270, 364], "classname": "face_other_covering", "Confidence": 1, "Attributes": {}}, {"isProtected": false, "ID": 214079128969252512, "BoundingBox": [81, 150, 269, 249], "classname": "goggles", "Confidence": 1, "Attributes": {}}, {"isProtected": false, "ID": 758114278760330752, "BoundingBox": [81, 76, 274, 173], "classname": "helmet", "Confidence": 1, "Attributes": {}}, {"isProtected": false, "ID": 232746013320749632, "BoundingBox": [91, 223, 259, 356], "classname": "scarf_bandana", "Confidence": 1, "Attributes": {}}]}