{"FileName": "2004.jpg", "NumOfAnno": 3, "Annotations": [{"isProtected": false, "ID": 539379341147179456, "BoundingBox": [387, 109, 642, 450], "classname": "face_other_covering", "Confidence": 1, "Attributes": {}}, {"isProtected": false, "ID": 868649002865632896, "BoundingBox": [409, 258, 611, 438], "classname": "mask_surgical", "Confidence": 1, "Attributes": {}}, {"isProtected": false, "ID": 220002803333832256, "BoundingBox": [239, 19, 778, 520], "classname": "turban", "Confidence": 1, "Attributes": {}}]}