{"FileName": "2005.jpg", "NumOfAnno": 5, "Annotations": [{"isProtected": false, "ID": 56349349216061936, "BoundingBox": [2266, 594, 3247, 1700], "classname": "face_with_mask", "Confidence": 1, "Attributes": {}}, {"isProtected": false, "ID": 599681078369893376, "BoundingBox": [396, 390, 1231, 1420], "classname": "face_no_mask", "Confidence": 1, "Attributes": {}}, {"isProtected": false, "ID": 253587049802608832, "BoundingBox": [2304, 1072, 3089, 1626], "classname": "mask_colorful", "Confidence": 1, "Attributes": {}}, {"isProtected": false, "ID": 991737373106078976, "BoundingBox": [2241, 322, 3325, 999], "classname": "hat", "Confidence": 1, "Attributes": {}}, {"isProtected": false, "ID": 475017192336567040, "BoundingBox": [508, 731, 1166, 1020], "classname": "eyeglasses", "Confidence": 1, "Attributes": {}}]}