{"FileName": "2006.jpg", "NumOfAnno": 4, "Annotations": [{"isProtected": false, "ID": 280459329561863488, "BoundingBox": [276, 145, 377, 255], "classname": "face_with_mask", "Confidence": 1, "Attributes": {}}, {"isProtected": false, "ID": 239543555427487392, "BoundingBox": [207, 50, 310, 178], "classname": "face_with_mask", "Confidence": 1, "Attributes": {}}, {"isProtected": false, "ID": 442800710251389568, "BoundingBox": [287, 188, 364, 245], "classname": "mask_surgical", "Confidence": 1, "Attributes": {}}, {"isProtected": false, "ID": 293325675214463168, "BoundingBox": [219, 96, 303, 169], "classname": "mask_surgical", "Confidence": 1, "Attributes": {}}]}