{"FileName": "2008.jpg", "NumOfAnno": 6, "Annotations": [{"isProtected": false, "ID": 229389181826530560, "BoundingBox": [137, 111, 250, 248], "classname": "face_with_mask", "Confidence": 1, "Attributes": {}}, {"isProtected": false, "ID": 814149160676154112, "BoundingBox": [151, 166, 237, 239], "classname": "mask_surgical", "Confidence": 1, "Attributes": {}}, {"isProtected": false, "ID": 825443652417187072, "BoundingBox": [152, 143, 223, 179], "classname": "eyeglasses", "Confidence": 1, "Attributes": {}}, {"isProtected": false, "ID": 941136962660392704, "BoundingBox": [146, 114, 241, 153], "classname": "hat", "Confidence": 1, "Attributes": {}}, {"isProtected": false, "ID": 312984113056909184, "BoundingBox": [433, 267, 455, 292], "classname": "face_no_mask", "Confidence": 1, "Attributes": {}}, {"isProtected": false, "ID": 159377393246204480, "BoundingBox": [538, 256, 566, 291], "classname": "face_no_mask", "Confidence": 1, "Attributes": {}}]}