{"FileName": "2009.jpg", "NumOfAnno": 8, "Annotations": [{"isProtected": false, "ID": 215493759181867648, "BoundingBox": [684, 291, 852, 508], "classname": "face_with_mask", "Confidence": 1, "Attributes": {}}, {"isProtected": false, "ID": 355641021750960448, "BoundingBox": [439, 276, 590, 475], "classname": "face_with_mask", "Confidence": 1, "Attributes": {}}, {"isProtected": false, "ID": 311243706776361472, "BoundingBox": [260, 282, 415, 471], "classname": "face_with_mask", "Confidence": 1, "Attributes": {}}, {"isProtected": false, "ID": 248147088693467680, "BoundingBox": [698, 369, 840, 492], "classname": "mask_colorful", "Confidence": 1, "Attributes": {}}, {"isProtected": false, "ID": 238595166931036992, "BoundingBox": [460, 348, 574, 457], "classname": "mask_colorful", "Confidence": 1, "Attributes": {}}, {"isProtected": false, "ID": 303053836839284544, "BoundingBox": [279, 340, 405, 453], "classname": "mask_colorful", "Confidence": 1, "Attributes": {}}, {"isProtected": false, "ID": 998842727370956928, "BoundingBox": [299, 309, 413, 363], "classname": "eyeglasses", "Confidence": 1, "Attributes": {}}, {"isProtected": false, "ID": 902049994238392960, "BoundingBox": [712, 353, 832, 400], "classname": "eyeglasses", "Confidence": 1, "Attributes": {}}]}