{"FileName": "2010.jpg", "NumOfAnno": 5, "Annotations": [{"isProtected": false, "ID": 79631726235741104, "BoundingBox": [383, 59, 529, 254], "classname": "face_with_mask", "Confidence": 1, "Attributes": {}}, {"isProtected": false, "ID": 187644766803073056, "BoundingBox": [399, 158, 511, 259], "classname": "mask_surgical", "Confidence": 1, "Attributes": {}}, {"isProtected": false, "ID": 761973772333823744, "BoundingBox": [290, 120, 358, 216], "classname": "face_no_mask", "Confidence": 1, "Attributes": {}}, {"isProtected": false, "ID": 876022616086732288, "BoundingBox": [612, 193, 733, 337], "classname": "face_other_covering", "Confidence": 1, "Attributes": {}}, {"isProtected": false, "ID": 528096044232510336, "BoundingBox": [686, 238, 731, 279], "classname": "sunglasses", "Confidence": 1, "Attributes": {}}]}