{"FileName": "2014.jpg", "NumOfAnno": 3, "Annotations": [{"isProtected": false, "ID": 304114853922994432, "BoundingBox": [683, 431, 968, 717], "classname": "face_with_mask", "Confidence": 1, "Attributes": {}}, {"isProtected": false, "ID": 654966243685167872, "BoundingBox": [834, 539, 952, 687], "classname": "mask_colorful", "Confidence": 1, "Attributes": {}}, {"isProtected": false, "ID": 539658775035667520, "BoundingBox": [1369, 96, 1737, 552], "classname": "face_no_mask", "Confidence": 1, "Attributes": {}}]}