{"FileName": "2015.jpg", "NumOfAnno": 4, "Annotations": [{"isProtected": false, "ID": 816595253650103040, "BoundingBox": [2776, 408, 3346, 1174], "classname": "face_with_mask", "Confidence": 1, "Attributes": {}}, {"isProtected": false, "ID": 432886705097703360, "BoundingBox": [592, 394, 1199, 1229], "classname": "face_with_mask", "Confidence": 1, "Attributes": {}}, {"isProtected": false, "ID": 674225299288381568, "BoundingBox": [809, 742, 1172, 1191], "classname": "mask_surgical", "Confidence": 1, "Attributes": {}}, {"isProtected": false, "ID": 753379365007903488, "BoundingBox": [2843, 846, 3207, 1129], "classname": "mask_surgical", "Confidence": 1, "Attributes": {}}]}