{"FileName": "2016.jpg", "NumOfAnno": 26, "Annotations": [{"isProtected": false, "ID": 791519106942968192, "BoundingBox": [1330, 627, 1610, 955], "classname": "face_with_mask", "Confidence": 1, "Attributes": {}}, {"isProtected": false, "ID": 947528665010613888, "BoundingBox": [886, 649, 1111, 928], "classname": "face_with_mask", "Confidence": 1, "Attributes": {}}, {"isProtected": false, "ID": 208662238247793728, "BoundingBox": [442, 484, 716, 864], "classname": "face_with_mask", "Confidence": 1, "Attributes": {}}, {"isProtected": false, "ID": 783867050220096128, "BoundingBox": [1601, 314, 1791, 542], "classname": "face_with_mask", "Confidence": 1, "Attributes": {}}, {"isProtected": false, "ID": 448083069789001344, "BoundingBox": [727, 268, 997, 591], "classname": "face_with_mask", "Confidence": 1, "Attributes": {}}, {"isProtected": false, "ID": 335315980012845568, "BoundingBox": [0, 200, 241, 516], "classname": "face_with_mask", "Confidence": 1, "Attributes": {}}, {"isProtected": false, "ID": 307935123119619712, "BoundingBox": [1076, 196, 1246, 432], "classname": "face_with_mask", "Confidence": 1, "Attributes": {}}, {"isProtected": false, "ID": 480580437886655296, "BoundingBox": [1918, 321, 2109, 594], "classname": "face_with_mask", "Confidence": 1, "Attributes": {}}, {"isProtected": false, "ID": 322060461318558720, "BoundingBox": [1917, 414, 2088, 494], "classname": "eyeglasses", "Confidence": 1, "Attributes": {}}, {"isProtected": false, "ID": 195421557528114304, "BoundingBox": [1075, 250, 1208, 314], "classname": "eyeglasses", "Confidence": 1, "Attributes": {}}, {"isProtected": false, "ID": 926078808555705856, "BoundingBox": [1344, 643, 1588, 835], "classname": "face_shield", "Confidence": 1, "Attributes": {}}, {"isProtected": false, "ID": 704702619255722496, "BoundingBox": [1911, 444, 2112, 593], "classname": "mask_colorful", "Confidence": 1, "Attributes": {}}, {"isProtected": false, "ID": 797672198650112640, "BoundingBox": [1603, 390, 1781, 546], "classname": "mask_colorful", "Confidence": 1, "Attributes": {}}, {"isProtected": false, "ID": 398691423872571264, "BoundingBox": [1081, 282, 1224, 412], "classname": "mask_colorful", "Confidence": 1, "Attributes": {}}, {"isProtected": false, "ID": 824523297462565504, "BoundingBox": [735, 384, 985, 578], "classname": "mask_colorful", "Confidence": 1, "Attributes": {}}, {"isProtected": false, "ID": 479130086599877120, "BoundingBox": [1, 326, 209, 502], "classname": "mask_colorful", "Confidence": 1, "Attributes": {}}, {"isProtected": false, "ID": 365148987547383424, "BoundingBox": [444, 669, 700, 861], "classname": "mask_colorful", "Confidence": 1, "Attributes": {}}, {"isProtected": false, "ID": 490419506642030464, "BoundingBox": [877, 775, 1087, 935], "classname": "mask_colorful", "Confidence": 1, "Attributes": {}}, {"isProtected": false, "ID": 442462812286231872, "BoundingBox": [1342, 775, 1578, 943], "classname": "mask_colorful", "Confidence": 1, "Attributes": {}}, {"isProtected": false, "ID": 352253623407433152, "BoundingBox": [464, 493, 710, 643], "classname": "goggles", "Confidence": 1, "Attributes": {}}, {"isProtected": false, "ID": 21302965765718220, "BoundingBox": [1351, 376, 1542, 605], "classname": "face_with_mask", "Confidence": 1, "Attributes": {}}, {"isProtected": false, "ID": 520716192722108032, "BoundingBox": [1342, 484, 1520, 609], "classname": "mask_surgical", "Confidence": 1, "Attributes": {}}, {"isProtected": false, "ID": 490897337200265088, "BoundingBox": [554, 314, 721, 452], "classname": "mask_surgical", "Confidence": 1, "Attributes": {}}, {"isProtected": false, "ID": 989524843697908480, "BoundingBox": [328, 438, 524, 611], "classname": "mask_surgical", "Confidence": 1, "Attributes": {}}, {"isProtected": false, "ID": 350328862644070720, "BoundingBox": [540, 202, 747, 470], "classname": "face_with_mask", "Confidence": 1, "Attributes": {}}, {"isProtected": false, "ID": 642883405666289536, "BoundingBox": [296, 346, 542, 641], "classname": "face_with_mask", "Confidence": 1, "Attributes": {}}]}