{"FileName": "2017.jpg", "NumOfAnno": 8, "Annotations": [{"isProtected": false, "ID": 22718175736538560, "BoundingBox": [622, 136, 1193, 792], "classname": "gas_mask", "Confidence": 1, "Attributes": {}}, {"isProtected": false, "ID": 267672036292122784, "BoundingBox": [8, 303, 296, 607], "classname": "gas_mask", "Confidence": 1, "Attributes": {}}, {"isProtected": false, "ID": 230777066587014688, "BoundingBox": [334, 229, 507, 446], "classname": "gas_mask", "Confidence": 1, "Attributes": {}}, {"isProtected": false, "ID": 498276350414562944, "BoundingBox": [544, 327, 667, 466], "classname": "gas_mask", "Confidence": 1, "Attributes": {}}, {"isProtected": false, "ID": 294872411473800256, "BoundingBox": [607, 125, 1195, 795], "classname": "face_other_covering", "Confidence": 1, "Attributes": {}}, {"isProtected": false, "ID": 583796010433679616, "BoundingBox": [532, 316, 679, 475], "classname": "face_other_covering", "Confidence": 1, "Attributes": {}}, {"isProtected": false, "ID": 362587691745016896, "BoundingBox": [321, 218, 521, 458], "classname": "face_other_covering", "Confidence": 1, "Attributes": {}}, {"isProtected": false, "ID": 731412761923070720, "BoundingBox": [0, 289, 307, 623], "classname": "face_other_covering", "Confidence": 1, "Attributes": {}}]}