{"FileName": "2018.jpg", "NumOfAnno": 5, "Annotations": [{"isProtected": false, "ID": 875246042661935616, "BoundingBox": [780, 192, 1111, 601], "classname": "face_with_mask_incorrect", "Confidence": 1, "Attributes": {}}, {"isProtected": false, "ID": 840440511050096896, "BoundingBox": [802, 391, 1066, 584], "classname": "mask_surgical", "Confidence": 1, "Attributes": {}}, {"isProtected": false, "ID": 38106696657714160, "BoundingBox": [799, 265, 1032, 363], "classname": "eyeglasses", "Confidence": 1, "Attributes": {}}, {"isProtected": false, "ID": 915110162723831, "BoundingBox": [1365, 415, 1500, 879], "classname": "face_with_mask", "Confidence": 1, "Attributes": {}}, {"isProtected": false, "ID": 564053397400074880, "BoundingBox": [1388, 623, 1500, 858], "classname": "mask_surgical", "Confidence": 1, "Attributes": {}}]}