{"FileName": "2020.jpg", "NumOfAnno": 10, "Annotations": [{"isProtected": false, "ID": 816660748136432000, "BoundingBox": [597, 79, 686, 193], "classname": "face_with_mask", "Confidence": 1, "Attributes": {}}, {"isProtected": false, "ID": 299308060842764160, "BoundingBox": [515, 106, 586, 187], "classname": "face_with_mask", "Confidence": 1, "Attributes": {}}, {"isProtected": false, "ID": 670911665097660928, "BoundingBox": [346, 126, 397, 183], "classname": "face_with_mask", "Confidence": 1, "Attributes": {}}, {"isProtected": false, "ID": 774107585470264832, "BoundingBox": [277, 129, 334, 196], "classname": "face_with_mask", "Confidence": 1, "Attributes": {}}, {"isProtected": false, "ID": 313832828000458880, "BoundingBox": [609, 125, 679, 186], "classname": "mask_colorful", "Confidence": 1, "Attributes": {}}, {"isProtected": false, "ID": 445966494008736128, "BoundingBox": [106, 115, 155, 174], "classname": "mask_colorful", "Confidence": 1, "Attributes": {}}, {"isProtected": false, "ID": 860363680409744512, "BoundingBox": [75, 76, 162, 180], "classname": "face_with_mask", "Confidence": 1, "Attributes": {}}, {"isProtected": false, "ID": 872981720903966208, "BoundingBox": [526, 138, 583, 181], "classname": "mask_surgical", "Confidence": 1, "Attributes": {}}, {"isProtected": false, "ID": 936747371400392320, "BoundingBox": [351, 147, 390, 176], "classname": "mask_surgical", "Confidence": 1, "Attributes": {}}, {"isProtected": false, "ID": 98737878928457984, "BoundingBox": [288, 154, 325, 188], "classname": "mask_surgical", "Confidence": 1, "Attributes": {}}]}