{"FileName": "2021.jpg", "NumOfAnno": 3, "Annotations": [{"isProtected": false, "ID": 563003502735817984, "BoundingBox": [459, 36, 662, 293], "classname": "face_with_mask", "Confidence": 1, "Attributes": {}}, {"isProtected": false, "ID": 398451938339364544, "BoundingBox": [532, 153, 658, 275], "classname": "mask_colorful", "Confidence": 1, "Attributes": {}}, {"isProtected": false, "ID": 257289962603039392, "BoundingBox": [466, 40, 626, 150], "classname": "hat", "Confidence": 1, "Attributes": {}}]}