{"FileName": "2024.jpg", "NumOfAnno": 4, "Annotations": [{"isProtected": false, "ID": 174359597829755520, "BoundingBox": [572, 4, 695, 172], "classname": "face_other_covering", "Confidence": 1, "Attributes": {}}, {"isProtected": false, "ID": 473747786341243584, "BoundingBox": [265, 123, 376, 256], "classname": "face_other_covering", "Confidence": 1, "Attributes": {}}, {"isProtected": false, "ID": 17515124922640734, "BoundingBox": [582, 81, 693, 165], "classname": "scarf_bandana", "Confidence": 1, "Attributes": {}}, {"isProtected": false, "ID": 453994336657585728, "BoundingBox": [272, 167, 359, 244], "classname": "scarf_bandana", "Confidence": 1, "Attributes": {}}]}