{"FileName": "2026.jpg", "NumOfAnno": 5, "Annotations": [{"isProtected": false, "ID": 148048093943569440, "BoundingBox": [61, 2, 236, 203], "classname": "face_with_mask", "Confidence": 1, "Attributes": {}}, {"isProtected": false, "ID": 776063797987303168, "BoundingBox": [448, 0, 581, 134], "classname": "face_with_mask", "Confidence": 1, "Attributes": {}}, {"isProtected": false, "ID": 922285551869014016, "BoundingBox": [477, 15, 562, 122], "classname": "mask_surgical", "Confidence": 1, "Attributes": {}}, {"isProtected": false, "ID": 620873639879970816, "BoundingBox": [77, 43, 224, 194], "classname": "mask_surgical", "Confidence": 1, "Attributes": {}}, {"isProtected": false, "ID": 113555770689137360, "BoundingBox": [305, 136, 483, 278], "classname": "mask_surgical", "Confidence": 1, "Attributes": {}}]}