{"FileName": "2028.jpg", "NumOfAnno": 4, "Annotations": [{"isProtected": false, "ID": 620568255202963712, "BoundingBox": [300, 113, 603, 493], "classname": "face_with_mask", "Confidence": 1, "Attributes": {}}, {"isProtected": false, "ID": 829435925889769984, "BoundingBox": [315, 252, 589, 479], "classname": "mask_colorful", "Confidence": 1, "Attributes": {}}, {"isProtected": false, "ID": 183846217558890848, "BoundingBox": [668, 24, 760, 134], "classname": "mask_colorful", "Confidence": 1, "Attributes": {}}, {"isProtected": false, "ID": 647526387919117184, "BoundingBox": [146, 26, 247, 136], "classname": "mask_colorful", "Confidence": 1, "Attributes": {}}]}