{"FileName": "2032.jpg", "NumOfAnno": 3, "Annotations": [{"isProtected": false, "ID": 406756964198241792, "BoundingBox": [432, 99, 652, 357], "classname": "face_with_mask", "Confidence": 1, "Attributes": {}}, {"isProtected": false, "ID": 640451558246594432, "BoundingBox": [461, 215, 621, 342], "classname": "mask_colorful", "Confidence": 1, "Attributes": {}}, {"isProtected": false, "ID": 322013529458822784, "BoundingBox": [442, 16, 664, 345], "classname": "face_with_mask", "Confidence": 1, "Attributes": {}}]}