{"FileName": "2034.jpg", "NumOfAnno": 5, "Annotations": [{"isProtected": false, "ID": 332295796351717824, "BoundingBox": [443, 138, 540, 251], "classname": "face_with_mask", "Confidence": 1, "Attributes": {}}, {"isProtected": false, "ID": 362866105861916480, "BoundingBox": [720, 171, 804, 280], "classname": "face_with_mask", "Confidence": 1, "Attributes": {}}, {"isProtected": false, "ID": 792482677833016576, "BoundingBox": [735, 212, 792, 240], "classname": "eyeglasses", "Confidence": 1, "Attributes": {}}, {"isProtected": false, "ID": 348922824923900608, "BoundingBox": [731, 221, 793, 274], "classname": "mask_surgical", "Confidence": 1, "Attributes": {}}, {"isProtected": false, "ID": 694387773163420032, "BoundingBox": [455, 175, 516, 235], "classname": "mask_surgical", "Confidence": 1, "Attributes": {}}]}