{"FileName": "2036.jpg", "NumOfAnno": 3, "Annotations": [{"isProtected": false, "ID": 742555512146293120, "BoundingBox": [591, 39, 956, 573], "classname": "face_with_mask", "Confidence": 1, "Attributes": {}}, {"isProtected": false, "ID": 110572499606999664, "BoundingBox": [655, 345, 946, 564], "classname": "mask_surgical", "Confidence": 1, "Attributes": {}}, {"isProtected": false, "ID": 291625800157524160, "BoundingBox": [30, 156, 243, 403], "classname": "face_no_mask", "Confidence": 1, "Attributes": {}}]}