{"FileName": "2037.jpg", "NumOfAnno": 5, "Annotations": [{"isProtected": false, "ID": 515168573426072128, "BoundingBox": [366, 81, 620, 392], "classname": "face_with_mask", "Confidence": 1, "Attributes": {}}, {"isProtected": false, "ID": 195664006490537600, "BoundingBox": [16, 115, 256, 399], "classname": "face_with_mask", "Confidence": 1, "Attributes": {}}, {"isProtected": false, "ID": 196171453147768640, "BoundingBox": [393, 178, 591, 379], "classname": "mask_surgical", "Confidence": 1, "Attributes": {}}, {"isProtected": false, "ID": 801645572078754304, "BoundingBox": [18, 197, 227, 394], "classname": "mask_surgical", "Confidence": 1, "Attributes": {}}, {"isProtected": false, "ID": 158571935159430240, "BoundingBox": [41, 163, 249, 267], "classname": "eyeglasses", "Confidence": 1, "Attributes": {}}]}