{"FileName": "2038.jpg", "NumOfAnno": 6, "Annotations": [{"isProtected": false, "ID": 931596424247764992, "BoundingBox": [431, 57, 534, 173], "classname": "face_with_mask", "Confidence": 1, "Attributes": {}}, {"isProtected": false, "ID": 154047249443188704, "BoundingBox": [173, 87, 268, 184], "classname": "face_with_mask", "Confidence": 1, "Attributes": {}}, {"isProtected": false, "ID": 682091112035337728, "BoundingBox": [435, 97, 480, 165], "classname": "mask_surgical", "Confidence": 1, "Attributes": {}}, {"isProtected": false, "ID": 588989808927646464, "BoundingBox": [195, 122, 265, 184], "classname": "mask_surgical", "Confidence": 1, "Attributes": {}}, {"isProtected": false, "ID": 502050889455106816, "BoundingBox": [168, 64, 271, 112], "classname": "hat", "Confidence": 1, "Attributes": {}}, {"isProtected": false, "ID": 609772036256598784, "BoundingBox": [362, 112, 382, 133], "classname": "face_no_mask", "Confidence": 1, "Attributes": {}}]}