{"FileName": "2041.jpg", "NumOfAnno": 5, "Annotations": [{"isProtected": false, "ID": 471426997634497216, "BoundingBox": [1924, 253, 2090, 462], "classname": "face_no_mask", "Confidence": 1, "Attributes": {}}, {"isProtected": false, "ID": 889079680023039744, "BoundingBox": [173, 448, 421, 748], "classname": "face_no_mask", "Confidence": 1, "Attributes": {}}, {"isProtected": false, "ID": 879889135728178048, "BoundingBox": [821, 639, 1045, 904], "classname": "face_no_mask", "Confidence": 1, "Attributes": {}}, {"isProtected": false, "ID": 401309534452531584, "BoundingBox": [1267, 533, 1475, 781], "classname": "face_with_mask", "Confidence": 1, "Attributes": {}}, {"isProtected": false, "ID": 523324780395205056, "BoundingBox": [1288, 619, 1436, 755], "classname": "mask_surgical", "Confidence": 1, "Attributes": {}}]}