{"FileName": "2044.jpg", "NumOfAnno": 6, "Annotations": [{"isProtected": false, "ID": 160641171230761600, "BoundingBox": [166, 47, 255, 150], "classname": "face_with_mask", "Confidence": 1, "Attributes": {}}, {"isProtected": false, "ID": 597984165254862976, "BoundingBox": [181, 80, 244, 138], "classname": "mask_surgical", "Confidence": 1, "Attributes": {}}, {"isProtected": false, "ID": 343183214430071168, "BoundingBox": [328, 71, 366, 115], "classname": "mask_surgical", "Confidence": 1, "Attributes": {}}, {"isProtected": false, "ID": 37487429549858616, "BoundingBox": [289, 52, 373, 124], "classname": "face_with_mask", "Confidence": 1, "Attributes": {}}, {"isProtected": false, "ID": 226478017311253280, "BoundingBox": [282, 22, 356, 67], "classname": "hat", "Confidence": 1, "Attributes": {}}, {"isProtected": false, "ID": 947726410405018752, "BoundingBox": [174, 20, 256, 71], "classname": "hat", "Confidence": 1, "Attributes": {}}]}