{"FileName": "2045.jpg", "NumOfAnno": 5, "Annotations": [{"isProtected": false, "ID": 822774889073235200, "BoundingBox": [882, 183, 1047, 386], "classname": "face_with_mask", "Confidence": 1, "Attributes": {}}, {"isProtected": false, "ID": 238847960668203360, "BoundingBox": [210, 75, 384, 266], "classname": "face_with_mask", "Confidence": 1, "Attributes": {}}, {"isProtected": false, "ID": 901547415003179520, "BoundingBox": [899, 263, 1030, 370], "classname": "mask_surgical", "Confidence": 1, "Attributes": {}}, {"isProtected": false, "ID": 17059918528174344, "BoundingBox": [271, 161, 373, 247], "classname": "mask_surgical", "Confidence": 1, "Attributes": {}}, {"isProtected": false, "ID": 162095355941116672, "BoundingBox": [290, 126, 384, 174], "classname": "eyeglasses", "Confidence": 1, "Attributes": {}}]}