{"FileName": "2047.jpg", "NumOfAnno": 10, "Annotations": [{"isProtected": false, "ID": 103620715451031472, "BoundingBox": [747, 163, 810, 242], "classname": "face_with_mask", "Confidence": 1, "Attributes": {}}, {"isProtected": false, "ID": 6734345402908959, "BoundingBox": [489, 141, 547, 232], "classname": "face_with_mask", "Confidence": 1, "Attributes": {}}, {"isProtected": false, "ID": 958042923427724544, "BoundingBox": [262, 142, 330, 229], "classname": "face_with_mask", "Confidence": 1, "Attributes": {}}, {"isProtected": false, "ID": 660347467018614272, "BoundingBox": [755, 198, 804, 235], "classname": "mask_surgical", "Confidence": 1, "Attributes": {}}, {"isProtected": false, "ID": 338696405401571968, "BoundingBox": [496, 192, 539, 226], "classname": "mask_surgical", "Confidence": 1, "Attributes": {}}, {"isProtected": false, "ID": 363600267743017920, "BoundingBox": [269, 183, 315, 218], "classname": "mask_surgical", "Confidence": 1, "Attributes": {}}, {"isProtected": false, "ID": 463493450640761984, "BoundingBox": [757, 166, 803, 191], "classname": "hat", "Confidence": 1, "Attributes": {}}, {"isProtected": false, "ID": 354070130715966720, "BoundingBox": [494, 142, 544, 181], "classname": "hat", "Confidence": 1, "Attributes": {}}, {"isProtected": false, "ID": 356225382601728448, "BoundingBox": [269, 147, 325, 165], "classname": "hat", "Confidence": 1, "Attributes": {}}, {"isProtected": false, "ID": 875244012356863616, "BoundingBox": [265, 170, 311, 191], "classname": "sunglasses", "Confidence": 1, "Attributes": {}}]}