{"FileName": "2048.jpg", "NumOfAnno": 7, "Annotations": [{"isProtected": false, "ID": 505519066761645568, "BoundingBox": [428, 291, 550, 477], "classname": "face_with_mask", "Confidence": 1, "Attributes": {}}, {"isProtected": false, "ID": 184967051861915968, "BoundingBox": [31, 302, 152, 424], "classname": "face_no_mask", "Confidence": 1, "Attributes": {}}, {"isProtected": false, "ID": 439862938547316160, "BoundingBox": [273, 236, 457, 444], "classname": "face_with_mask", "Confidence": 1, "Attributes": {}}, {"isProtected": false, "ID": 769017959075683712, "BoundingBox": [433, 376, 544, 474], "classname": "mask_surgical", "Confidence": 1, "Attributes": {}}, {"isProtected": false, "ID": 892911297206578560, "BoundingBox": [327, 293, 445, 431], "classname": "mask_surgical", "Confidence": 1, "Attributes": {}}, {"isProtected": false, "ID": 153671987233588224, "BoundingBox": [447, 295, 540, 332], "classname": "hat", "Confidence": 1, "Attributes": {}}, {"isProtected": false, "ID": 842630671386223360, "BoundingBox": [79, 335, 147, 377], "classname": "eyeglasses", "Confidence": 1, "Attributes": {}}]}