{"FileName": "2049.jpg", "NumOfAnno": 3, "Annotations": [{"isProtected": false, "ID": 318637569950881088, "BoundingBox": [839, 611, 1994, 2139], "classname": "face_with_mask", "Confidence": 1, "Attributes": {}}, {"isProtected": false, "ID": 59231885068278368, "BoundingBox": [925, 1311, 1692, 2068], "classname": "mask_colorful", "Confidence": 1, "Attributes": {}}, {"isProtected": false, "ID": 550685702866910528, "BoundingBox": [888, 606, 1870, 1302], "classname": "hat", "Confidence": 1, "Attributes": {}}]}