{"FileName": "2050.jpg", "NumOfAnno": 9, "Annotations": [{"isProtected": false, "ID": 412662864547519872, "BoundingBox": [316, 178, 383, 256], "classname": "face_with_mask", "Confidence": 1, "Attributes": {}}, {"isProtected": false, "ID": 39858028007580424, "BoundingBox": [231, 75, 288, 143], "classname": "face_with_mask", "Confidence": 1, "Attributes": {}}, {"isProtected": false, "ID": 147736946430104480, "BoundingBox": [507, 178, 577, 249], "classname": "face_with_mask", "Confidence": 1, "Attributes": {}}, {"isProtected": false, "ID": 759227517506894464, "BoundingBox": [556, 210, 609, 287], "classname": "face_with_mask", "Confidence": 1, "Attributes": {}}, {"isProtected": false, "ID": 209357151120768352, "BoundingBox": [562, 240, 595, 279], "classname": "mask_surgical", "Confidence": 1, "Attributes": {}}, {"isProtected": false, "ID": 642974901788340352, "BoundingBox": [516, 199, 551, 243], "classname": "mask_surgical", "Confidence": 1, "Attributes": {}}, {"isProtected": false, "ID": 539341095795023552, "BoundingBox": [324, 217, 361, 245], "classname": "mask_surgical", "Confidence": 1, "Attributes": {}}, {"isProtected": false, "ID": 865841555920785152, "BoundingBox": [243, 101, 283, 133], "classname": "mask_surgical", "Confidence": 1, "Attributes": {}}, {"isProtected": false, "ID": 877107617722168960, "BoundingBox": [241, 93, 278, 112], "classname": "eyeglasses", "Confidence": 1, "Attributes": {}}]}