{"FileName": "2051.jpg", "NumOfAnno": 6, "Annotations": [{"isProtected": false, "ID": 71715617825155344, "BoundingBox": [447, 20, 511, 101], "classname": "face_with_mask", "Confidence": 1, "Attributes": {}}, {"isProtected": false, "ID": 227260488402759584, "BoundingBox": [134, 61, 201, 147], "classname": "face_with_mask", "Confidence": 1, "Attributes": {}}, {"isProtected": false, "ID": 198633409869982240, "BoundingBox": [40, 62, 111, 136], "classname": "face_with_mask", "Confidence": 1, "Attributes": {}}, {"isProtected": false, "ID": 82745240375944880, "BoundingBox": [454, 50, 495, 92], "classname": "mask_colorful", "Confidence": 1, "Attributes": {}}, {"isProtected": false, "ID": 537662579121638720, "BoundingBox": [139, 89, 185, 139], "classname": "mask_colorful", "Confidence": 1, "Attributes": {}}, {"isProtected": false, "ID": 143124457461698000, "BoundingBox": [45, 86, 84, 131], "classname": "mask_colorful", "Confidence": 1, "Attributes": {}}]}