{"FileName": "2052.jpg", "NumOfAnno": 13, "Annotations": [{"isProtected": false, "ID": 724690122776643840, "BoundingBox": [332, 188, 401, 275], "classname": "face_with_mask", "Confidence": 1, "Attributes": {}}, {"isProtected": false, "ID": 430163829250161088, "BoundingBox": [343, 231, 394, 273], "classname": "mask_surgical", "Confidence": 1, "Attributes": {}}, {"isProtected": false, "ID": 938511048967669632, "BoundingBox": [328, 192, 399, 225], "classname": "hat", "Confidence": 1, "Attributes": {}}, {"isProtected": false, "ID": 694442801637746432, "BoundingBox": [477, 191, 539, 277], "classname": "face_with_mask", "Confidence": 1, "Attributes": {}}, {"isProtected": false, "ID": 336318714292842560, "BoundingBox": [627, 190, 699, 277], "classname": "face_with_mask", "Confidence": 1, "Attributes": {}}, {"isProtected": false, "ID": 490198089766666880, "BoundingBox": [709, 226, 738, 281], "classname": "face_with_mask", "Confidence": 1, "Attributes": {}}, {"isProtected": false, "ID": 362952822687597568, "BoundingBox": [118, 197, 228, 333], "classname": "face_other_covering", "Confidence": 1, "Attributes": {}}, {"isProtected": false, "ID": 172461065737140608, "BoundingBox": [102, 198, 228, 337], "classname": "scarf_bandana", "Confidence": 1, "Attributes": {}}, {"isProtected": false, "ID": 494088792806913856, "BoundingBox": [477, 191, 539, 251], "classname": "hat", "Confidence": 1, "Attributes": {}}, {"isProtected": false, "ID": 717724881637752832, "BoundingBox": [632, 189, 702, 241], "classname": "hat", "Confidence": 1, "Attributes": {}}, {"isProtected": false, "ID": 159519140178897568, "BoundingBox": [484, 248, 534, 274], "classname": "mask_surgical", "Confidence": 1, "Attributes": {}}, {"isProtected": false, "ID": 755481114211252352, "BoundingBox": [667, 243, 697, 280], "classname": "mask_colorful", "Confidence": 1, "Attributes": {}}, {"isProtected": false, "ID": 707822786718914688, "BoundingBox": [713, 252, 741, 281], "classname": "mask_colorful", "Confidence": 1, "Attributes": {}}]}