{"FileName": "2053.jpg", "NumOfAnno": 3, "Annotations": [{"isProtected": false, "ID": 468764579410176896, "BoundingBox": [520, 68, 657, 231], "classname": "face_with_mask", "Confidence": 1, "Attributes": {}}, {"isProtected": false, "ID": 255205556759400704, "BoundingBox": [304, 37, 471, 210], "classname": "face_with_mask", "Confidence": 1, "Attributes": {}}, {"isProtected": false, "ID": 691689744386990208, "BoundingBox": [57, 135, 212, 321], "classname": "face_with_mask", "Confidence": 1, "Attributes": {}}]}