{"FileName": "2054.jpg", "NumOfAnno": 5, "Annotations": [{"isProtected": false, "ID": 404538066207428800, "BoundingBox": [985, 396, 1075, 514], "classname": "face_with_mask", "Confidence": 1, "Attributes": {}}, {"isProtected": false, "ID": 992753688944503808, "BoundingBox": [837, 441, 931, 548], "classname": "face_with_mask", "Confidence": 1, "Attributes": {}}, {"isProtected": false, "ID": 457304959697324096, "BoundingBox": [672, 378, 784, 503], "classname": "face_with_mask", "Confidence": 1, "Attributes": {}}, {"isProtected": false, "ID": 561757716514308928, "BoundingBox": [624, 431, 696, 529], "classname": "face_with_mask", "Confidence": 1, "Attributes": {}}, {"isProtected": false, "ID": 484513566199932352, "BoundingBox": [446, 368, 542, 471], "classname": "face_with_mask", "Confidence": 1, "Attributes": {}}]}