{"FileName": "2055.jpg", "NumOfAnno": 9, "Annotations": [{"isProtected": false, "ID": 405840673044730240, "BoundingBox": [585, 156, 684, 284], "classname": "face_with_mask", "Confidence": 1, "Attributes": {}}, {"isProtected": false, "ID": 281120443521758688, "BoundingBox": [358, 195, 442, 300], "classname": "face_with_mask", "Confidence": 1, "Attributes": {}}, {"isProtected": false, "ID": 298381096839913344, "BoundingBox": [587, 225, 674, 285], "classname": "mask_surgical", "Confidence": 1, "Attributes": {}}, {"isProtected": false, "ID": 127428817126412192, "BoundingBox": [362, 241, 431, 300], "classname": "mask_surgical", "Confidence": 1, "Attributes": {}}, {"isProtected": false, "ID": 329806975831946816, "BoundingBox": [588, 154, 673, 183], "classname": "eyeglasses", "Confidence": 1, "Attributes": {}}, {"isProtected": false, "ID": 612597117731227136, "BoundingBox": [876, 145, 941, 232], "classname": "face_with_mask", "Confidence": 1, "Attributes": {}}, {"isProtected": false, "ID": 836826016276800896, "BoundingBox": [105, 170, 231, 320], "classname": "face_with_mask", "Confidence": 1, "Attributes": {}}, {"isProtected": false, "ID": 655583562641463680, "BoundingBox": [191, 253, 239, 330], "classname": "mask_surgical", "Confidence": 1, "Attributes": {}}, {"isProtected": false, "ID": 979399966163980672, "BoundingBox": [879, 177, 939, 228], "classname": "mask_surgical", "Confidence": 1, "Attributes": {}}]}