{"FileName": "2056.jpg", "NumOfAnno": 3, "Annotations": [{"isProtected": false, "ID": 399715884099729152, "BoundingBox": [119, 98, 203, 182], "classname": "mask_colorful", "Confidence": 1, "Attributes": {}}, {"isProtected": false, "ID": 8345681831757878, "BoundingBox": [88, 11, 235, 190], "classname": "hijab_niqab", "Confidence": 1, "Attributes": {}}, {"isProtected": false, "ID": 162400722198495776, "BoundingBox": [97, 22, 218, 203], "classname": "face_with_mask", "Confidence": 1, "Attributes": {}}]}