{"FileName": "2058.jpg", "NumOfAnno": 7, "Annotations": [{"isProtected": false, "ID": 762176007219783040, "BoundingBox": [216, 92, 387, 320], "classname": "face_with_mask", "Confidence": 1, "Attributes": {}}, {"isProtected": false, "ID": 377685321043502528, "BoundingBox": [586, 9, 740, 189], "classname": "face_with_mask", "Confidence": 1, "Attributes": {}}, {"isProtected": false, "ID": 614699208982445056, "BoundingBox": [610, 72, 734, 178], "classname": "mask_surgical", "Confidence": 1, "Attributes": {}}, {"isProtected": false, "ID": 977459377285882368, "BoundingBox": [249, 217, 377, 309], "classname": "mask_surgical", "Confidence": 1, "Attributes": {}}, {"isProtected": false, "ID": 76808473703002032, "BoundingBox": [593, 0, 730, 82], "classname": "hair_net", "Confidence": 1, "Attributes": {}}, {"isProtected": false, "ID": 905987096536850688, "BoundingBox": [218, 50, 402, 189], "classname": "hair_net", "Confidence": 1, "Attributes": {}}, {"isProtected": false, "ID": 310058945000422976, "BoundingBox": [236, 202, 356, 253], "classname": "eyeglasses", "Confidence": 1, "Attributes": {}}]}