{"FileName": "2062.jpeg", "NumOfAnno": 4, "Annotations": [{"isProtected": false, "ID": 742613785280097920, "BoundingBox": [2192, 203, 2861, 942], "classname": "face_other_covering", "Confidence": 1, "Attributes": {}}, {"isProtected": false, "ID": 508290908374830720, "BoundingBox": [837, 372, 1423, 1081], "classname": "face_other_covering", "Confidence": 1, "Attributes": {}}, {"isProtected": false, "ID": 40825405566957904, "BoundingBox": [2222, 335, 2629, 625], "classname": "sunglasses", "Confidence": 1, "Attributes": {}}, {"isProtected": false, "ID": 39891723361806128, "BoundingBox": [873, 551, 1311, 853], "classname": "sunglasses", "Confidence": 1, "Attributes": {}}]}