{"FileName": "2066.jpg", "NumOfAnno": 4, "Annotations": [{"isProtected": false, "ID": 789126062435615616, "BoundingBox": [1050, 208, 1492, 739], "classname": "face_with_mask", "Confidence": 1, "Attributes": {}}, {"isProtected": false, "ID": 563314227435891904, "BoundingBox": [660, 408, 1041, 932], "classname": "face_with_mask", "Confidence": 1, "Attributes": {}}, {"isProtected": false, "ID": 206511086403868832, "BoundingBox": [1090, 432, 1399, 724], "classname": "mask_surgical", "Confidence": 1, "Attributes": {}}, {"isProtected": false, "ID": 923369604905127296, "BoundingBox": [683, 613, 987, 916], "classname": "mask_surgical", "Confidence": 1, "Attributes": {}}]}