{"FileName": "2068.jpg", "NumOfAnno": 3, "Annotations": [{"isProtected": false, "ID": 645316565634178432, "BoundingBox": [375, 411, 1984, 2454], "classname": "face_other_covering", "Confidence": 1, "Attributes": {}}, {"isProtected": false, "ID": 729317360139907840, "BoundingBox": [210, 124, 2054, 2599], "classname": "balaclava_ski_mask", "Confidence": 1, "Attributes": {}}, {"isProtected": false, "ID": 584148090729443328, "BoundingBox": [26, 3, 1909, 1388], "classname": "hat", "Confidence": 1, "Attributes": {}}]}