{"FileName": "2069.jpg", "NumOfAnno": 3, "Annotations": [{"isProtected": false, "ID": 135395613962345344, "BoundingBox": [312, 223, 694, 728], "classname": "face_with_mask", "Confidence": 1, "Attributes": {}}, {"isProtected": false, "ID": 833691597426190464, "BoundingBox": [419, 460, 682, 714], "classname": "mask_colorful", "Confidence": 1, "Attributes": {}}, {"isProtected": false, "ID": 295043245147447488, "BoundingBox": [333, 221, 664, 441], "classname": "hat", "Confidence": 1, "Attributes": {}}]}