{"FileName": "2073.jpg", "NumOfAnno": 5, "Annotations": [{"isProtected": false, "ID": 66099531967888312, "BoundingBox": [2156, 906, 4912, 3684], "classname": "face_with_mask", "Confidence": 1, "Attributes": {}}, {"isProtected": false, "ID": 314569800535053120, "BoundingBox": [965, 0, 4834, 2759], "classname": "hair_net", "Confidence": 1, "Attributes": {}}, {"isProtected": false, "ID": 143052546400214032, "BoundingBox": [3114, 1359, 4908, 2765], "classname": "goggles", "Confidence": 1, "Attributes": {}}, {"isProtected": false, "ID": 742130316332198784, "BoundingBox": [3045, 2107, 4622, 3630], "classname": "mask_surgical", "Confidence": 1, "Attributes": {}}, {"isProtected": false, "ID": 133705391086258448, "BoundingBox": [911, 4, 4886, 3649], "classname": "face_with_mask", "Confidence": 1, "Attributes": {}}]}