{"FileName": "2076.jpg", "NumOfAnno": 10, "Annotations": [{"isProtected": false, "ID": 931705408793302400, "BoundingBox": [480, 144, 636, 350], "classname": "face_with_mask", "Confidence": 1, "Attributes": {}}, {"isProtected": false, "ID": 956775336943719936, "BoundingBox": [95, 158, 294, 376], "classname": "face_with_mask", "Confidence": 1, "Attributes": {}}, {"isProtected": false, "ID": 573828869307316160, "BoundingBox": [367, 50, 503, 220], "classname": "face_with_mask", "Confidence": 1, "Attributes": {}}, {"isProtected": false, "ID": 509459382242342016, "BoundingBox": [489, 227, 629, 345], "classname": "mask_colorful", "Confidence": 1, "Attributes": {}}, {"isProtected": false, "ID": 313474240343014848, "BoundingBox": [112, 246, 270, 367], "classname": "mask_colorful", "Confidence": 1, "Attributes": {}}, {"isProtected": false, "ID": 325277008094235904, "BoundingBox": [376, 106, 497, 209], "classname": "mask_colorful", "Confidence": 1, "Attributes": {}}, {"isProtected": false, "ID": 245012915362104576, "BoundingBox": [496, 211, 623, 258], "classname": "eyeglasses", "Confidence": 1, "Attributes": {}}, {"isProtected": false, "ID": 457623626785938688, "BoundingBox": [583, 82, 730, 266], "classname": "face_with_mask", "Confidence": 1, "Attributes": {}}, {"isProtected": false, "ID": 616221272256916864, "BoundingBox": [586, 88, 731, 174], "classname": "hat", "Confidence": 1, "Attributes": {}}, {"isProtected": false, "ID": 805587403782597760, "BoundingBox": [631, 165, 722, 255], "classname": "mask_surgical", "Confidence": 1, "Attributes": {}}]}