{"FileName": "2077.jpg", "NumOfAnno": 5, "Annotations": [{"isProtected": false, "ID": 57848714368873512, "BoundingBox": [460, 104, 675, 355], "classname": "face_with_mask", "Confidence": 1, "Attributes": {}}, {"isProtected": false, "ID": 736839272519084928, "BoundingBox": [498, 247, 646, 338], "classname": "mask_surgical", "Confidence": 1, "Attributes": {}}, {"isProtected": false, "ID": 113037515188580080, "BoundingBox": [109, 158, 322, 364], "classname": "face_with_mask", "Confidence": 1, "Attributes": {}}, {"isProtected": false, "ID": 588386933096862976, "BoundingBox": [117, 256, 242, 312], "classname": "eyeglasses", "Confidence": 1, "Attributes": {}}, {"isProtected": false, "ID": 609091300282615552, "BoundingBox": [138, 263, 272, 358], "classname": "mask_surgical", "Confidence": 1, "Attributes": {}}]}