{"FileName": "2079.jpg", "NumOfAnno": 10, "Annotations": [{"isProtected": false, "ID": 322060151326755712, "BoundingBox": [695, 162, 770, 271], "classname": "face_with_mask", "Confidence": 1, "Attributes": {}}, {"isProtected": false, "ID": 28881626222431068, "BoundingBox": [258, 193, 324, 292], "classname": "face_with_mask", "Confidence": 1, "Attributes": {}}, {"isProtected": false, "ID": 110043010304520352, "BoundingBox": [590, 194, 655, 275], "classname": "face_no_mask", "Confidence": 1, "Attributes": {}}, {"isProtected": false, "ID": 454756011593757120, "BoundingBox": [190, 227, 262, 320], "classname": "face_no_mask", "Confidence": 1, "Attributes": {}}, {"isProtected": false, "ID": 918156765092135040, "BoundingBox": [271, 249, 316, 280], "classname": "mask_surgical", "Confidence": 1, "Attributes": {}}, {"isProtected": false, "ID": 942325323196854912, "BoundingBox": [273, 232, 311, 263], "classname": "goggles", "Confidence": 1, "Attributes": {}}, {"isProtected": false, "ID": 231390463029403808, "BoundingBox": [265, 194, 314, 279], "classname": "hood", "Confidence": 1, "Attributes": {}}, {"isProtected": false, "ID": 728261745597108224, "BoundingBox": [723, 208, 761, 247], "classname": "mask_surgical", "Confidence": 1, "Attributes": {}}, {"isProtected": false, "ID": 752876423059920128, "BoundingBox": [713, 195, 760, 222], "classname": "goggles", "Confidence": 1, "Attributes": {}}, {"isProtected": false, "ID": 313399584815293312, "BoundingBox": [701, 175, 752, 244], "classname": "hood", "Confidence": 1, "Attributes": {}}]}