{"FileName": "2080.jpg", "NumOfAnno": 4, "Annotations": [{"isProtected": false, "ID": 443912566041856448, "BoundingBox": [269, 37, 452, 254], "classname": "face_with_mask", "Confidence": 1, "Attributes": {}}, {"isProtected": false, "ID": 210948777339108896, "BoundingBox": [286, 115, 430, 236], "classname": "mask_surgical", "Confidence": 1, "Attributes": {}}, {"isProtected": false, "ID": 109667194962844496, "BoundingBox": [278, 64, 444, 152], "classname": "goggles", "Confidence": 1, "Attributes": {}}, {"isProtected": false, "ID": 616528142820275840, "BoundingBox": [304, 84, 425, 138], "classname": "eyeglasses", "Confidence": 1, "Attributes": {}}]}