{"FileName": "2081.jpg", "NumOfAnno": 7, "Annotations": [{"isProtected": false, "ID": 433021593058875200, "BoundingBox": [630, 266, 1114, 943], "classname": "face_with_mask", "Confidence": 1, "Attributes": {}}, {"isProtected": false, "ID": 103663263932928240, "BoundingBox": [217, 721, 756, 1443], "classname": "face_with_mask", "Confidence": 1, "Attributes": {}}, {"isProtected": false, "ID": 485287631966062592, "BoundingBox": [253, 58, 552, 383], "classname": "face_no_mask", "Confidence": 1, "Attributes": {}}, {"isProtected": false, "ID": 459865437368661568, "BoundingBox": [654, 448, 1024, 670], "classname": "eyeglasses", "Confidence": 1, "Attributes": {}}, {"isProtected": false, "ID": 759812270707216896, "BoundingBox": [287, 906, 719, 1123], "classname": "eyeglasses", "Confidence": 1, "Attributes": {}}, {"isProtected": false, "ID": 520616153455470208, "BoundingBox": [245, 995, 689, 1402], "classname": "mask_surgical", "Confidence": 1, "Attributes": {}}, {"isProtected": false, "ID": 369042574224858304, "BoundingBox": [696, 557, 1054, 919], "classname": "mask_surgical", "Confidence": 1, "Attributes": {}}]}