{"FileName": "2084.jpg", "NumOfAnno": 16, "Annotations": [{"isProtected": false, "ID": 472522498110085824, "BoundingBox": [414, 4, 550, 192], "classname": "face_with_mask", "Confidence": 1, "Attributes": {}}, {"isProtected": false, "ID": 679805997798566272, "BoundingBox": [607, 75, 670, 148], "classname": "face_with_mask", "Confidence": 1, "Attributes": {}}, {"isProtected": false, "ID": 136636226137959664, "BoundingBox": [29, 74, 146, 182], "classname": "face_with_mask", "Confidence": 1, "Attributes": {}}, {"isProtected": false, "ID": 267872908083033760, "BoundingBox": [418, 101, 513, 195], "classname": "mask_colorful", "Confidence": 1, "Attributes": {}}, {"isProtected": false, "ID": 678928945298038016, "BoundingBox": [73, 124, 140, 187], "classname": "mask_surgical", "Confidence": 1, "Attributes": {}}, {"isProtected": false, "ID": 126233509415984096, "BoundingBox": [612, 106, 660, 145], "classname": "mask_colorful", "Confidence": 1, "Attributes": {}}, {"isProtected": false, "ID": 760733760835262848, "BoundingBox": [418, 79, 521, 118], "classname": "sunglasses", "Confidence": 1, "Attributes": {}}, {"isProtected": false, "ID": 212741622511329440, "BoundingBox": [660, 93, 693, 137], "classname": "face_with_mask", "Confidence": 1, "Attributes": {}}, {"isProtected": false, "ID": 412919491907808640, "BoundingBox": [665, 106, 688, 117], "classname": "eyeglasses", "Confidence": 1, "Attributes": {}}, {"isProtected": false, "ID": 347317648037355200, "BoundingBox": [664, 114, 687, 135], "classname": "mask_colorful", "Confidence": 1, "Attributes": {}}, {"isProtected": false, "ID": 278860341507743968, "BoundingBox": [680, 101, 724, 160], "classname": "face_other_covering", "Confidence": 1, "Attributes": {}}, {"isProtected": false, "ID": 627630335594256000, "BoundingBox": [717, 110, 756, 167], "classname": "face_other_covering", "Confidence": 1, "Attributes": {}}, {"isProtected": false, "ID": 358450057866165440, "BoundingBox": [758, 99, 802, 150], "classname": "face_other_covering", "Confidence": 1, "Attributes": {}}, {"isProtected": false, "ID": 169416833544836160, "BoundingBox": [761, 102, 799, 147], "classname": "turban", "Confidence": 1, "Attributes": {}}, {"isProtected": false, "ID": 889799127298931200, "BoundingBox": [715, 111, 752, 165], "classname": "turban", "Confidence": 1, "Attributes": {}}, {"isProtected": false, "ID": 70097445302628848, "BoundingBox": [681, 105, 724, 160], "classname": "turban", "Confidence": 1, "Attributes": {}}]}