{"FileName": "2092.jpg", "NumOfAnno": 12, "Annotations": [{"isProtected": false, "ID": 897445320101209984, "BoundingBox": [127, 79, 230, 222], "classname": "face_with_mask_incorrect", "Confidence": 1, "Attributes": {}}, {"isProtected": false, "ID": 22180896470527232, "BoundingBox": [307, 124, 397, 253], "classname": "face_with_mask", "Confidence": 1, "Attributes": {}}, {"isProtected": false, "ID": 17297141850274422, "BoundingBox": [527, 75, 594, 157], "classname": "face_with_mask", "Confidence": 1, "Attributes": {}}, {"isProtected": false, "ID": 601292009778132736, "BoundingBox": [305, 184, 366, 253], "classname": "mask_colorful", "Confidence": 1, "Attributes": {}}, {"isProtected": false, "ID": 552707801057716224, "BoundingBox": [126, 152, 223, 220], "classname": "mask_surgical", "Confidence": 1, "Attributes": {}}, {"isProtected": false, "ID": 361195376535576512, "BoundingBox": [527, 114, 591, 164], "classname": "mask_colorful", "Confidence": 1, "Attributes": {}}, {"isProtected": false, "ID": 160270916763303744, "BoundingBox": [530, 96, 582, 124], "classname": "eyeglasses", "Confidence": 1, "Attributes": {}}, {"isProtected": false, "ID": 672787543773891968, "BoundingBox": [394, 130, 420, 160], "classname": "mask_colorful", "Confidence": 1, "Attributes": {}}, {"isProtected": false, "ID": 441173005309102336, "BoundingBox": [597, 85, 626, 113], "classname": "mask_colorful", "Confidence": 1, "Attributes": {}}, {"isProtected": false, "ID": 350790614461965824, "BoundingBox": [343, 68, 423, 154], "classname": "face_with_mask", "Confidence": 1, "Attributes": {}}, {"isProtected": false, "ID": 966779591008316416, "BoundingBox": [588, 49, 633, 113], "classname": "face_with_mask", "Confidence": 1, "Attributes": {}}, {"isProtected": false, "ID": 836401528255605632, "BoundingBox": [429, 39, 507, 128], "classname": "face_no_mask", "Confidence": 1, "Attributes": {}}]}