{"FileName": "2094.jpg", "NumOfAnno": 8, "Annotations": [{"isProtected": false, "ID": 305898785206353856, "BoundingBox": [2001, 64, 2193, 273], "classname": "face_with_mask", "Confidence": 1, "Attributes": {}}, {"isProtected": false, "ID": 111117542341336976, "BoundingBox": [1489, 253, 1656, 454], "classname": "face_with_mask", "Confidence": 1, "Attributes": {}}, {"isProtected": false, "ID": 413621651837798976, "BoundingBox": [1500, 334, 1631, 428], "classname": "mask_surgical", "Confidence": 1, "Attributes": {}}, {"isProtected": false, "ID": 192338229587187392, "BoundingBox": [2016, 163, 2146, 260], "classname": "mask_surgical", "Confidence": 1, "Attributes": {}}, {"isProtected": false, "ID": 347647199245795584, "BoundingBox": [949, 83, 1146, 274], "classname": "hat", "Confidence": 1, "Attributes": {}}, {"isProtected": false, "ID": 150555810415212160, "BoundingBox": [949, 77, 1113, 277], "classname": "face_other_covering", "Confidence": 1, "Attributes": {}}, {"isProtected": false, "ID": 165168771988178144, "BoundingBox": [1984, 20, 2223, 272], "classname": "hood", "Confidence": 1, "Attributes": {}}, {"isProtected": false, "ID": 289559316131046336, "BoundingBox": [1420, 199, 1710, 485], "classname": "hood", "Confidence": 1, "Attributes": {}}]}