{"FileName": "2095.jpg", "NumOfAnno": 6, "Annotations": [{"isProtected": false, "ID": 840159349468540416, "BoundingBox": [204, 12, 488, 424], "classname": "face_other_covering", "Confidence": 1, "Attributes": {}}, {"isProtected": false, "ID": 955990105542102016, "BoundingBox": [200, 7, 499, 238], "classname": "helmet", "Confidence": 1, "Attributes": {}}, {"isProtected": false, "ID": 67309450344487544, "BoundingBox": [556, 36, 702, 142], "classname": "helmet", "Confidence": 1, "Attributes": {}}, {"isProtected": false, "ID": 373043243816516544, "BoundingBox": [9, 112, 123, 211], "classname": "helmet", "Confidence": 1, "Attributes": {}}, {"isProtected": false, "ID": 200078936603976800, "BoundingBox": [7, 119, 120, 285], "classname": "face_other_covering", "Confidence": 1, "Attributes": {}}, {"isProtected": false, "ID": 783784743927052416, "BoundingBox": [562, 42, 699, 211], "classname": "face_other_covering", "Confidence": 1, "Attributes": {}}]}