{"FileName": "2096.jpg", "NumOfAnno": 7, "Annotations": [{"isProtected": false, "ID": 580012043705293056, "BoundingBox": [392, 101, 592, 413], "classname": "face_with_mask", "Confidence": 1, "Attributes": {}}, {"isProtected": false, "ID": 284928108821748128, "BoundingBox": [218, 104, 397, 373], "classname": "face_with_mask", "Confidence": 1, "Attributes": {}}, {"isProtected": false, "ID": 121980343959026128, "BoundingBox": [693, 39, 868, 270], "classname": "face_no_mask", "Confidence": 1, "Attributes": {}}, {"isProtected": false, "ID": 938368440316938880, "BoundingBox": [120, 99, 217, 298], "classname": "face_no_mask", "Confidence": 1, "Attributes": {}}, {"isProtected": false, "ID": 387684469391428544, "BoundingBox": [231, 241, 386, 368], "classname": "mask_surgical", "Confidence": 1, "Attributes": {}}, {"isProtected": false, "ID": 372314083659012672, "BoundingBox": [411, 267, 592, 415], "classname": "mask_surgical", "Confidence": 1, "Attributes": {}}, {"isProtected": false, "ID": 12834278846835856, "BoundingBox": [365, 89, 594, 281], "classname": "hat", "Confidence": 1, "Attributes": {}}]}