{"FileName": "2097.jpg", "NumOfAnno": 5, "Annotations": [{"isProtected": false, "ID": 515437557006308352, "BoundingBox": [600, 168, 728, 305], "classname": "helmet", "Confidence": 1, "Attributes": {}}, {"isProtected": false, "ID": 307113732162598976, "BoundingBox": [232, 77, 556, 319], "classname": "helmet", "Confidence": 1, "Attributes": {}}, {"isProtected": false, "ID": 226529610063344032, "BoundingBox": [593, 243, 726, 306], "classname": "goggles", "Confidence": 1, "Attributes": {}}, {"isProtected": false, "ID": 21221514514927596, "BoundingBox": [601, 172, 727, 349], "classname": "face_other_covering", "Confidence": 1, "Attributes": {}}, {"isProtected": false, "ID": 355853736821558976, "BoundingBox": [234, 85, 554, 393], "classname": "face_other_covering", "Confidence": 1, "Attributes": {}}]}