{"FileName": "2100.jpg", "NumOfAnno": 3, "Annotations": [{"isProtected": false, "ID": 276199627491290240, "BoundingBox": [463, 187, 638, 436], "classname": "face_with_mask", "Confidence": 1, "Attributes": {}}, {"isProtected": false, "ID": 934491943708933120, "BoundingBox": [467, 338, 583, 426], "classname": "mask_surgical", "Confidence": 1, "Attributes": {}}, {"isProtected": false, "ID": 5509383858362971, "BoundingBox": [391, 190, 664, 485], "classname": "hijab_niqab", "Confidence": 1, "Attributes": {}}]}