{"FileName": "2101.jpg", "NumOfAnno": 3, "Annotations": [{"isProtected": false, "ID": 905121414530597760, "BoundingBox": [556, 259, 655, 407], "classname": "face_no_mask", "Confidence": 1, "Attributes": {}}, {"isProtected": false, "ID": 4204874369808209, "BoundingBox": [368, 298, 462, 372], "classname": "mask_colorful", "Confidence": 1, "Attributes": {}}, {"isProtected": false, "ID": 708054439713849472, "BoundingBox": [152, 255, 230, 319], "classname": "mask_colorful", "Confidence": 1, "Attributes": {}}]}