{"FileName": "2102.jpg", "NumOfAnno": 4, "Annotations": [{"isProtected": false, "ID": 57073938631337248, "BoundingBox": [134, 3, 496, 451], "classname": "face_with_mask", "Confidence": 1, "Attributes": {}}, {"isProtected": false, "ID": 634490132365707392, "BoundingBox": [658, 18, 1029, 459], "classname": "face_with_mask", "Confidence": 1, "Attributes": {}}, {"isProtected": false, "ID": 721866938871589120, "BoundingBox": [238, 184, 499, 443], "classname": "mask_colorful", "Confidence": 1, "Attributes": {}}, {"isProtected": false, "ID": 974622180443789568, "BoundingBox": [663, 190, 905, 452], "classname": "mask_colorful", "Confidence": 1, "Attributes": {}}]}