{"FileName": "2104.jpg", "NumOfAnno": 8, "Annotations": [{"isProtected": false, "ID": 101459181349872304, "BoundingBox": [379, 38, 466, 174], "classname": "face_with_mask", "Confidence": 1, "Attributes": {}}, {"isProtected": false, "ID": 364128033891409472, "BoundingBox": [113, 114, 247, 198], "classname": "mask_surgical", "Confidence": 1, "Attributes": {}}, {"isProtected": false, "ID": 469658801098225856, "BoundingBox": [384, 108, 462, 173], "classname": "mask_surgical", "Confidence": 1, "Attributes": {}}, {"isProtected": false, "ID": 47021492336116856, "BoundingBox": [494, 138, 621, 246], "classname": "mask_surgical", "Confidence": 1, "Attributes": {}}, {"isProtected": false, "ID": 688170821360945408, "BoundingBox": [490, 24, 661, 242], "classname": "face_with_mask_incorrect", "Confidence": 1, "Attributes": {}}, {"isProtected": false, "ID": 177464549222694720, "BoundingBox": [89, 7, 241, 190], "classname": "face_with_mask", "Confidence": 1, "Attributes": {}}, {"isProtected": false, "ID": 139598492993150640, "BoundingBox": [142, 84, 250, 120], "classname": "eyeglasses", "Confidence": 1, "Attributes": {}}, {"isProtected": false, "ID": 334212805402590016, "BoundingBox": [379, 89, 467, 117], "classname": "eyeglasses", "Confidence": 1, "Attributes": {}}]}