{"FileName": "2106.jpg", "NumOfAnno": 3, "Annotations": [{"isProtected": false, "ID": 191984484335716032, "BoundingBox": [542, 633, 777, 914], "classname": "face_with_mask", "Confidence": 1, "Attributes": {}}, {"isProtected": false, "ID": 331173939525977984, "BoundingBox": [574, 699, 774, 909], "classname": "mask_surgical", "Confidence": 1, "Attributes": {}}, {"isProtected": false, "ID": 535046865671261696, "BoundingBox": [556, 632, 759, 779], "classname": "hat", "Confidence": 1, "Attributes": {}}]}