{"FileName": "2107.jpg", "NumOfAnno": 3, "Annotations": [{"isProtected": false, "ID": 454384434722481344, "BoundingBox": [1308, 575, 1430, 715], "classname": "face_with_mask", "Confidence": 1, "Attributes": {}}, {"isProtected": false, "ID": 506474561119567232, "BoundingBox": [1336, 630, 1413, 715], "classname": "mask_colorful", "Confidence": 1, "Attributes": {}}, {"isProtected": false, "ID": 63775989890023976, "BoundingBox": [1311, 571, 1445, 637], "classname": "hat", "Confidence": 1, "Attributes": {}}]}