{"FileName": "2108.jpg", "NumOfAnno": 4, "Annotations": [{"isProtected": false, "ID": 452418791143986752, "BoundingBox": [467, 298, 681, 586], "classname": "face_with_mask", "Confidence": 1, "Attributes": {}}, {"isProtected": false, "ID": 901346842809962624, "BoundingBox": [476, 434, 658, 577], "classname": "mask_colorful", "Confidence": 1, "Attributes": {}}, {"isProtected": false, "ID": 676766908750719360, "BoundingBox": [475, 417, 656, 453], "classname": "sunglasses", "Confidence": 1, "Attributes": {}}, {"isProtected": false, "ID": 130259643141936608, "BoundingBox": [468, 290, 683, 424], "classname": "hat", "Confidence": 1, "Attributes": {}}]}