{"FileName": "2109.jpg", "NumOfAnno": 4, "Annotations": [{"isProtected": false, "ID": 688725763217570816, "BoundingBox": [1103, 418, 1332, 762], "classname": "face_with_mask", "Confidence": 1, "Attributes": {}}, {"isProtected": false, "ID": 413836355001936576, "BoundingBox": [317, 500, 585, 836], "classname": "face_with_mask", "Confidence": 1, "Attributes": {}}, {"isProtected": false, "ID": 288312316679196736, "BoundingBox": [1140, 573, 1324, 748], "classname": "mask_colorful", "Confidence": 1, "Attributes": {}}, {"isProtected": false, "ID": 853545135700204672, "BoundingBox": [418, 678, 584, 833], "classname": "mask_surgical", "Confidence": 1, "Attributes": {}}]}