{"FileName": "2112.jpg", "NumOfAnno": 9, "Annotations": [{"isProtected": false, "ID": 362882944831830720, "BoundingBox": [70, 17, 132, 86], "classname": "hijab_niqab", "Confidence": 1, "Attributes": {}}, {"isProtected": false, "ID": 230542375194512608, "BoundingBox": [372, 36, 430, 86], "classname": "hijab_niqab", "Confidence": 1, "Attributes": {}}, {"isProtected": false, "ID": 574808559499578560, "BoundingBox": [168, 33, 230, 95], "classname": "hijab_niqab", "Confidence": 1, "Attributes": {}}, {"isProtected": false, "ID": 800627573715346560, "BoundingBox": [177, 79, 214, 98], "classname": "mask_surgical", "Confidence": 1, "Attributes": {}}, {"isProtected": false, "ID": 12278722261765850, "BoundingBox": [391, 64, 424, 86], "classname": "mask_colorful", "Confidence": 1, "Attributes": {}}, {"isProtected": false, "ID": 834118023426963968, "BoundingBox": [81, 53, 118, 71], "classname": "eyeglasses", "Confidence": 1, "Attributes": {}}, {"isProtected": false, "ID": 982451388259784576, "BoundingBox": [173, 43, 217, 97], "classname": "face_with_mask", "Confidence": 1, "Attributes": {}}, {"isProtected": false, "ID": 279303133780927744, "BoundingBox": [386, 39, 426, 84], "classname": "face_with_mask", "Confidence": 1, "Attributes": {}}, {"isProtected": false, "ID": 369657679308467840, "BoundingBox": [79, 25, 117, 81], "classname": "face_other_covering", "Confidence": 1, "Attributes": {}}]}