{"FileName": "2115.jpg", "NumOfAnno": 4, "Annotations": [{"isProtected": false, "ID": 282504281885332608, "BoundingBox": [148, 57, 337, 326], "classname": "face_with_mask", "Confidence": 1, "Attributes": {}}, {"isProtected": false, "ID": 301547529674217024, "BoundingBox": [474, 122, 672, 403], "classname": "face_with_mask", "Confidence": 1, "Attributes": {}}, {"isProtected": false, "ID": 496120468580155904, "BoundingBox": [165, 190, 334, 321], "classname": "mask_colorful", "Confidence": 1, "Attributes": {}}, {"isProtected": false, "ID": 812025995428909568, "BoundingBox": [489, 242, 666, 401], "classname": "mask_colorful", "Confidence": 1, "Attributes": {}}]}