{"FileName": "2117.jpg", "NumOfAnno": 5, "Annotations": [{"isProtected": false, "ID": 866155065244643840, "BoundingBox": [495, 101, 1472, 1069], "classname": "face_with_mask", "Confidence": 1, "Attributes": {}}, {"isProtected": false, "ID": 9943637953419904, "BoundingBox": [2479, 634, 3074, 1429], "classname": "face_with_mask", "Confidence": 1, "Attributes": {}}, {"isProtected": false, "ID": 313321738344990976, "BoundingBox": [1145, 772, 1404, 1037], "classname": "mask_surgical", "Confidence": 1, "Attributes": {}}, {"isProtected": false, "ID": 65677346699549392, "BoundingBox": [2541, 1035, 3032, 1393], "classname": "mask_colorful", "Confidence": 1, "Attributes": {}}, {"isProtected": false, "ID": 552599567458220352, "BoundingBox": [2495, 904, 2950, 1163], "classname": "eyeglasses", "Confidence": 1, "Attributes": {}}]}