{"FileName": "2119.jpg", "NumOfAnno": 3, "Annotations": [{"isProtected": false, "ID": 907976344217068544, "BoundingBox": [386, 88, 803, 547], "classname": "face_other_covering", "Confidence": 1, "Attributes": {}}, {"isProtected": false, "ID": 713277735826686464, "BoundingBox": [386, 93, 797, 388], "classname": "helmet", "Confidence": 1, "Attributes": {}}, {"isProtected": false, "ID": 127825167993081072, "BoundingBox": [404, 207, 781, 450], "classname": "goggles", "Confidence": 1, "Attributes": {}}]}