{"FileName": "2121.jpg", "NumOfAnno": 5, "Annotations": [{"isProtected": false, "ID": 415597666526920960, "BoundingBox": [183, 28, 358, 261], "classname": "face_with_mask", "Confidence": 1, "Attributes": {}}, {"isProtected": false, "ID": 190849022359362400, "BoundingBox": [695, 54, 777, 170], "classname": "face_no_mask", "Confidence": 1, "Attributes": {}}, {"isProtected": false, "ID": 93011094740617312, "BoundingBox": [216, 164, 347, 260], "classname": "mask_surgical", "Confidence": 1, "Attributes": {}}, {"isProtected": false, "ID": 558750672088819456, "BoundingBox": [209, 130, 345, 178], "classname": "eyeglasses", "Confidence": 1, "Attributes": {}}, {"isProtected": false, "ID": 30360246111108656, "BoundingBox": [127, 28, 421, 297], "classname": "hijab_niqab", "Confidence": 1, "Attributes": {}}]}