{"FileName": "2122.jpg", "NumOfAnno": 17, "Annotations": [{"isProtected": false, "ID": 590776759639382528, "BoundingBox": [61, 239, 158, 347], "classname": "face_with_mask", "Confidence": 1, "Attributes": {}}, {"isProtected": false, "ID": 981546236331268864, "BoundingBox": [262, 242, 326, 320], "classname": "face_with_mask", "Confidence": 1, "Attributes": {}}, {"isProtected": false, "ID": 682340306907529088, "BoundingBox": [586, 228, 648, 313], "classname": "face_with_mask", "Confidence": 1, "Attributes": {}}, {"isProtected": false, "ID": 313383875728962624, "BoundingBox": [427, 330, 493, 415], "classname": "face_with_mask", "Confidence": 1, "Attributes": {}}, {"isProtected": false, "ID": 866311186770619648, "BoundingBox": [507, 368, 566, 439], "classname": "face_with_mask", "Confidence": 1, "Attributes": {}}, {"isProtected": false, "ID": 171639408298344000, "BoundingBox": [499, 252, 539, 291], "classname": "face_other_covering", "Confidence": 1, "Attributes": {}}, {"isProtected": false, "ID": 177967766761203296, "BoundingBox": [74, 299, 152, 348], "classname": "mask_surgical", "Confidence": 1, "Attributes": {}}, {"isProtected": false, "ID": 358870427878920512, "BoundingBox": [276, 286, 317, 318], "classname": "mask_surgical", "Confidence": 1, "Attributes": {}}, {"isProtected": false, "ID": 182617831322987264, "BoundingBox": [508, 405, 548, 439], "classname": "mask_surgical", "Confidence": 1, "Attributes": {}}, {"isProtected": false, "ID": 764469703854730624, "BoundingBox": [434, 382, 487, 411], "classname": "mask_surgical", "Confidence": 1, "Attributes": {}}, {"isProtected": false, "ID": 954219060638208640, "BoundingBox": [586, 281, 631, 314], "classname": "mask_surgical", "Confidence": 1, "Attributes": {}}, {"isProtected": false, "ID": 415729082520597696, "BoundingBox": [436, 375, 491, 392], "classname": "eyeglasses", "Confidence": 1, "Attributes": {}}, {"isProtected": false, "ID": 556004368334779520, "BoundingBox": [587, 270, 621, 285], "classname": "eyeglasses", "Confidence": 1, "Attributes": {}}, {"isProtected": false, "ID": 982982155175759872, "BoundingBox": [501, 265, 532, 276], "classname": "sunglasses", "Confidence": 1, "Attributes": {}}, {"isProtected": false, "ID": 117368119498477696, "BoundingBox": [2, 257, 27, 283], "classname": "face_no_mask", "Confidence": 1, "Attributes": {}}, {"isProtected": false, "ID": 749389191942514688, "BoundingBox": [394, 297, 420, 327], "classname": "face_no_mask", "Confidence": 1, "Attributes": {}}, {"isProtected": false, "ID": 179030258825338304, "BoundingBox": [328, 276, 345, 299], "classname": "face_no_mask", "Confidence": 1, "Attributes": {}}]}