{"FileName": "2123.jpg", "NumOfAnno": 7, "Annotations": [{"isProtected": false, "ID": 843206661804136960, "BoundingBox": [370, 60, 547, 292], "classname": "face_with_mask", "Confidence": 1, "Attributes": {}}, {"isProtected": false, "ID": 903404785163185280, "BoundingBox": [470, 252, 654, 454], "classname": "face_with_mask", "Confidence": 1, "Attributes": {}}, {"isProtected": false, "ID": 998768817826244352, "BoundingBox": [399, 191, 542, 283], "classname": "mask_surgical", "Confidence": 1, "Attributes": {}}, {"isProtected": false, "ID": 819871984167736832, "BoundingBox": [480, 364, 625, 453], "classname": "mask_surgical", "Confidence": 1, "Attributes": {}}, {"isProtected": false, "ID": 252756038709298400, "BoundingBox": [273, 213, 379, 283], "classname": "mask_surgical", "Confidence": 1, "Attributes": {}}, {"isProtected": false, "ID": 280572331583565984, "BoundingBox": [420, 163, 542, 208], "classname": "eyeglasses", "Confidence": 1, "Attributes": {}}, {"isProtected": false, "ID": 576865796287060992, "BoundingBox": [260, 111, 363, 285], "classname": "face_with_mask", "Confidence": 1, "Attributes": {}}]}