{"FileName": "2124.jpg", "NumOfAnno": 10, "Annotations": [{"isProtected": false, "ID": 235857452407247872, "BoundingBox": [661, 101, 895, 412], "classname": "face_with_mask", "Confidence": 1, "Attributes": {}}, {"isProtected": false, "ID": 680901912996089728, "BoundingBox": [944, 257, 1143, 517], "classname": "face_with_mask", "Confidence": 1, "Attributes": {}}, {"isProtected": false, "ID": 677817112060121728, "BoundingBox": [1299, 153, 1480, 374], "classname": "face_no_mask", "Confidence": 1, "Attributes": {}}, {"isProtected": false, "ID": 121335018882305472, "BoundingBox": [703, 279, 882, 411], "classname": "mask_surgical", "Confidence": 1, "Attributes": {}}, {"isProtected": false, "ID": 7894618446338875, "BoundingBox": [977, 400, 1132, 514], "classname": "mask_surgical", "Confidence": 1, "Attributes": {}}, {"isProtected": false, "ID": 998694845569081856, "BoundingBox": [152, 432, 289, 564], "classname": "mask_surgical", "Confidence": 1, "Attributes": {}}, {"isProtected": false, "ID": 611637723971606144, "BoundingBox": [80, 287, 300, 575], "classname": "face_with_mask", "Confidence": 1, "Attributes": {}}, {"isProtected": false, "ID": 995767463901970944, "BoundingBox": [272, 276, 427, 519], "classname": "face_with_mask", "Confidence": 1, "Attributes": {}}, {"isProtected": false, "ID": 474650331780844032, "BoundingBox": [287, 437, 423, 516], "classname": "mask_surgical", "Confidence": 1, "Attributes": {}}, {"isProtected": false, "ID": 827697916002780672, "BoundingBox": [1483, 112, 1598, 270], "classname": "face_no_mask", "Confidence": 1, "Attributes": {}}]}