{"FileName": "2125.png", "NumOfAnno": 11, "Annotations": [{"isProtected": false, "ID": 704009353745092480, "BoundingBox": [721, 138, 933, 436], "classname": "balaclava_ski_mask", "Confidence": 1, "Attributes": {}}, {"isProtected": false, "ID": 276291497329616096, "BoundingBox": [1083, 178, 1237, 381], "classname": "balaclava_ski_mask", "Confidence": 1, "Attributes": {}}, {"isProtected": false, "ID": 594751052092722176, "BoundingBox": [59, 161, 218, 349], "classname": "face_no_mask", "Confidence": 1, "Attributes": {}}, {"isProtected": false, "ID": 212911881021725088, "BoundingBox": [329, 210, 465, 378], "classname": "face_other_covering", "Confidence": 1, "Attributes": {}}, {"isProtected": false, "ID": 465983772403003264, "BoundingBox": [734, 143, 927, 419], "classname": "face_other_covering", "Confidence": 1, "Attributes": {}}, {"isProtected": false, "ID": 702604667904191872, "BoundingBox": [1087, 182, 1231, 376], "classname": "face_other_covering", "Confidence": 1, "Attributes": {}}, {"isProtected": false, "ID": 677717823857910272, "BoundingBox": [341, 284, 425, 326], "classname": "sunglasses", "Confidence": 1, "Attributes": {}}, {"isProtected": false, "ID": 993810043844661248, "BoundingBox": [934, 179, 1044, 374], "classname": "face_other_covering", "Confidence": 1, "Attributes": {}}, {"isProtected": false, "ID": 837667151686253952, "BoundingBox": [587, 252, 713, 365], "classname": "balaclava_ski_mask", "Confidence": 1, "Attributes": {}}, {"isProtected": false, "ID": 325669234278204352, "BoundingBox": [937, 179, 1047, 378], "classname": "balaclava_ski_mask", "Confidence": 1, "Attributes": {}}, {"isProtected": false, "ID": 790455357640310272, "BoundingBox": [590, 256, 710, 366], "classname": "face_other_covering", "Confidence": 1, "Attributes": {}}]}