{"FileName": "2128.jpg", "NumOfAnno": 7, "Annotations": [{"isProtected": false, "ID": 250493438795357120, "BoundingBox": [382, 107, 498, 231], "classname": "face_with_mask", "Confidence": 1, "Attributes": {}}, {"isProtected": false, "ID": 442277654485182848, "BoundingBox": [547, 62, 681, 240], "classname": "face_with_mask", "Confidence": 1, "Attributes": {}}, {"isProtected": false, "ID": 903416628404966784, "BoundingBox": [758, 25, 901, 226], "classname": "face_with_mask", "Confidence": 1, "Attributes": {}}, {"isProtected": false, "ID": 645929630974285056, "BoundingBox": [379, 140, 457, 228], "classname": "mask_colorful", "Confidence": 1, "Attributes": {}}, {"isProtected": false, "ID": 826043000263012992, "BoundingBox": [550, 132, 654, 231], "classname": "mask_colorful", "Confidence": 1, "Attributes": {}}, {"isProtected": false, "ID": 991987303017276800, "BoundingBox": [759, 122, 880, 217], "classname": "mask_colorful", "Confidence": 1, "Attributes": {}}, {"isProtected": false, "ID": 557699394315653376, "BoundingBox": [403, 131, 463, 198], "classname": "eyeglasses", "Confidence": 1, "Attributes": {}}]}