{"FileName": "2129.jpg", "NumOfAnno": 4, "Annotations": [{"isProtected": false, "ID": 846331988381412736, "BoundingBox": [203, 6, 496, 373], "classname": "face_other_covering", "Confidence": 1, "Attributes": {}}, {"isProtected": false, "ID": 497122675305093376, "BoundingBox": [163, 65, 499, 350], "classname": "face_shield", "Confidence": 1, "Attributes": {}}, {"isProtected": false, "ID": 804300878630044928, "BoundingBox": [200, 128, 495, 373], "classname": "scarf_bandana", "Confidence": 1, "Attributes": {}}, {"isProtected": false, "ID": 759833189854531072, "BoundingBox": [203, 0, 495, 186], "classname": "turban", "Confidence": 1, "Attributes": {}}]}