{"FileName": "2130.jpg", "NumOfAnno": 3, "Annotations": [{"isProtected": false, "ID": 235598879478683616, "BoundingBox": [358, 45, 588, 338], "classname": "face_with_mask", "Confidence": 1, "Attributes": {}}, {"isProtected": false, "ID": 566450934100861248, "BoundingBox": [355, 40, 594, 257], "classname": "turban", "Confidence": 1, "Attributes": {}}, {"isProtected": false, "ID": 897627951361917952, "BoundingBox": [357, 199, 538, 334], "classname": "mask_surgical", "Confidence": 1, "Attributes": {}}]}