{"FileName": "2133.jpg", "NumOfAnno": 6, "Annotations": [{"isProtected": false, "ID": 648724461921230592, "BoundingBox": [1496, 560, 2158, 1440], "classname": "face_with_mask", "Confidence": 1, "Attributes": {}}, {"isProtected": false, "ID": 513373501417936384, "BoundingBox": [2253, 128, 3102, 1113], "classname": "face_with_mask", "Confidence": 1, "Attributes": {}}, {"isProtected": false, "ID": 263823521285396864, "BoundingBox": [1558, 959, 2130, 1429], "classname": "mask_surgical", "Confidence": 1, "Attributes": {}}, {"isProtected": false, "ID": 605743082230314880, "BoundingBox": [2448, 652, 3001, 1095], "classname": "mask_colorful", "Confidence": 1, "Attributes": {}}, {"isProtected": false, "ID": 913250690427190528, "BoundingBox": [2261, 132, 3032, 714], "classname": "hat", "Confidence": 1, "Attributes": {}}, {"isProtected": false, "ID": 227825147653111584, "BoundingBox": [3064, 468, 3587, 981], "classname": "face_no_mask", "Confidence": 1, "Attributes": {}}]}