{"FileName": "2134.jpg", "NumOfAnno": 3, "Annotations": [{"isProtected": false, "ID": 144626370165159232, "BoundingBox": [1243, 150, 1593, 465], "classname": "face_with_mask", "Confidence": 1, "Attributes": {}}, {"isProtected": false, "ID": 170599450529826944, "BoundingBox": [1256, 317, 1518, 467], "classname": "mask_surgical", "Confidence": 1, "Attributes": {}}, {"isProtected": false, "ID": 810300457330785536, "BoundingBox": [1236, 279, 1547, 356], "classname": "sunglasses", "Confidence": 1, "Attributes": {}}]}