{"FileName": "2136.jpg", "NumOfAnno": 3, "Annotations": [{"isProtected": false, "ID": 803603048955778560, "BoundingBox": [503, 5, 671, 153], "classname": "face_with_mask", "Confidence": 1, "Attributes": {}}, {"isProtected": false, "ID": 947154618021503872, "BoundingBox": [505, 26, 668, 151], "classname": "mask_surgical", "Confidence": 1, "Attributes": {}}, {"isProtected": false, "ID": 83206266035129040, "BoundingBox": [431, 5, 679, 226], "classname": "hijab_niqab", "Confidence": 1, "Attributes": {}}]}