{"FileName": "2138.jpg", "NumOfAnno": 4, "Annotations": [{"isProtected": false, "ID": 398596427017263488, "BoundingBox": [107, 0, 345, 292], "classname": "face_other_covering", "Confidence": 1, "Attributes": {}}, {"isProtected": false, "ID": 119510734927860464, "BoundingBox": [431, 61, 645, 346], "classname": "face_other_covering", "Confidence": 1, "Attributes": {}}, {"isProtected": false, "ID": 868753826608279680, "BoundingBox": [107, 0, 341, 140], "classname": "helmet", "Confidence": 1, "Attributes": {}}, {"isProtected": false, "ID": 493357975291364288, "BoundingBox": [434, 60, 644, 221], "classname": "helmet", "Confidence": 1, "Attributes": {}}]}