{"FileName": "2139.jpg", "NumOfAnno": 6, "Annotations": [{"isProtected": false, "ID": 863977723688915968, "BoundingBox": [102, 15, 213, 195], "classname": "face_other_covering", "Confidence": 1, "Attributes": {}}, {"isProtected": false, "ID": 445068112530404224, "BoundingBox": [257, 103, 378, 257], "classname": "face_other_covering", "Confidence": 1, "Attributes": {}}, {"isProtected": false, "ID": 237167102787585120, "BoundingBox": [425, 46, 540, 202], "classname": "face_other_covering", "Confidence": 1, "Attributes": {}}, {"isProtected": false, "ID": 815221501334306560, "BoundingBox": [100, 12, 210, 110], "classname": "helmet", "Confidence": 1, "Attributes": {}}, {"isProtected": false, "ID": 294230697275218752, "BoundingBox": [258, 106, 379, 190], "classname": "helmet", "Confidence": 1, "Attributes": {}}, {"isProtected": false, "ID": 131123319122337440, "BoundingBox": [427, 45, 538, 126], "classname": "helmet", "Confidence": 1, "Attributes": {}}]}