{"FileName": "2142.jpg", "NumOfAnno": 4, "Annotations": [{"isProtected": false, "ID": 852663176961540224, "BoundingBox": [320, 99, 432, 246], "classname": "face_other_covering", "Confidence": 1, "Attributes": {}}, {"isProtected": false, "ID": 506009680579382656, "BoundingBox": [469, 85, 604, 241], "classname": "face_other_covering", "Confidence": 1, "Attributes": {}}, {"isProtected": false, "ID": 335625674364193216, "BoundingBox": [320, 103, 427, 195], "classname": "helmet", "Confidence": 1, "Attributes": {}}, {"isProtected": false, "ID": 946289375965109632, "BoundingBox": [472, 87, 604, 164], "classname": "helmet", "Confidence": 1, "Attributes": {}}]}