{"FileName": "2143.jpg", "NumOfAnno": 8, "Annotations": [{"isProtected": false, "ID": 605604631666230528, "BoundingBox": [257, 74, 728, 623], "classname": "face_with_mask", "Confidence": 1, "Attributes": {}}, {"isProtected": false, "ID": 346736639272512512, "BoundingBox": [805, 124, 1079, 542], "classname": "face_with_mask", "Confidence": 1, "Attributes": {}}, {"isProtected": false, "ID": 948348688242965120, "BoundingBox": [1030, 30, 1726, 969], "classname": "face_with_mask", "Confidence": 1, "Attributes": {}}, {"isProtected": false, "ID": 790910950131923840, "BoundingBox": [1057, 473, 1599, 962], "classname": "mask_surgical", "Confidence": 1, "Attributes": {}}, {"isProtected": false, "ID": 289900474798435712, "BoundingBox": [790, 315, 1021, 526], "classname": "mask_colorful", "Confidence": 1, "Attributes": {}}, {"isProtected": false, "ID": 188315315205979008, "BoundingBox": [249, 414, 509, 625], "classname": "mask_colorful", "Confidence": 1, "Attributes": {}}, {"isProtected": false, "ID": 711197961165794944, "BoundingBox": [2004, 541, 2111, 661], "classname": "mask_surgical", "Confidence": 1, "Attributes": {}}, {"isProtected": false, "ID": 218629635222289408, "BoundingBox": [2011, 430, 2124, 661], "classname": "face_with_mask", "Confidence": 1, "Attributes": {}}]}