{"FileName": "2144.jpg", "NumOfAnno": 4, "Annotations": [{"isProtected": false, "ID": 7451206695007651, "BoundingBox": [402, 298, 555, 496], "classname": "face_with_mask", "Confidence": 1, "Attributes": {}}, {"isProtected": false, "ID": 44020773818297056, "BoundingBox": [999, 161, 1159, 384], "classname": "face_with_mask", "Confidence": 1, "Attributes": {}}, {"isProtected": false, "ID": 10932807333191352, "BoundingBox": [1038, 279, 1158, 372], "classname": "mask_surgical", "Confidence": 1, "Attributes": {}}, {"isProtected": false, "ID": 846740923091024768, "BoundingBox": [399, 396, 533, 492], "classname": "mask_surgical", "Confidence": 1, "Attributes": {}}]}