{"FileName": "2148.jpg", "NumOfAnno": 13, "Annotations": [{"isProtected": false, "ID": 737984433698749056, "BoundingBox": [557, 106, 697, 266], "classname": "face_with_mask", "Confidence": 1, "Attributes": {}}, {"isProtected": false, "ID": 657972671203673984, "BoundingBox": [35, 229, 146, 381], "classname": "face_with_mask_incorrect", "Confidence": 1, "Attributes": {}}, {"isProtected": false, "ID": 761195842555411584, "BoundingBox": [162, 251, 261, 360], "classname": "face_with_mask_incorrect", "Confidence": 1, "Attributes": {}}, {"isProtected": false, "ID": 165661189344798464, "BoundingBox": [563, 104, 703, 212], "classname": "turban", "Confidence": 1, "Attributes": {}}, {"isProtected": false, "ID": 469917798982927424, "BoundingBox": [341, 186, 398, 229], "classname": "mask_surgical", "Confidence": 1, "Attributes": {}}, {"isProtected": false, "ID": 796594596261433984, "BoundingBox": [553, 192, 623, 262], "classname": "mask_surgical", "Confidence": 1, "Attributes": {}}, {"isProtected": false, "ID": 230981437076531392, "BoundingBox": [33, 337, 136, 379], "classname": "mask_surgical", "Confidence": 1, "Attributes": {}}, {"isProtected": false, "ID": 640952200821089792, "BoundingBox": [164, 309, 209, 346], "classname": "hijab_niqab", "Confidence": 1, "Attributes": {}}, {"isProtected": false, "ID": 758680749410311808, "BoundingBox": [25, 222, 148, 383], "classname": "hijab_niqab", "Confidence": 1, "Attributes": {}}, {"isProtected": false, "ID": 812465098710876032, "BoundingBox": [156, 246, 266, 363], "classname": "hijab_niqab", "Confidence": 1, "Attributes": {}}, {"isProtected": false, "ID": 645677506728257920, "BoundingBox": [330, 141, 391, 179], "classname": "hat", "Confidence": 1, "Attributes": {}}, {"isProtected": false, "ID": 928489698904034816, "BoundingBox": [326, 145, 396, 234], "classname": "face_with_mask_incorrect", "Confidence": 1, "Attributes": {}}, {"isProtected": false, "ID": 248760575664701120, "BoundingBox": [696, 168, 763, 262], "classname": "face_no_mask", "Confidence": 1, "Attributes": {}}]}