{"FileName": "2150.jpg", "NumOfAnno": 3, "Annotations": [{"isProtected": false, "ID": 928811206916083840, "BoundingBox": [137, 166, 622, 728], "classname": "face_other_covering", "Confidence": 1, "Attributes": {}}, {"isProtected": false, "ID": 275760774436163328, "BoundingBox": [137, 225, 591, 453], "classname": "goggles", "Confidence": 1, "Attributes": {}}, {"isProtected": false, "ID": 64214253600851424, "BoundingBox": [162, 463, 619, 721], "classname": "other", "Confidence": 1, "Attributes": {}}]}