{"FileName": "2151.jpg", "NumOfAnno": 12, "Annotations": [{"isProtected": false, "ID": 500841851803903488, "BoundingBox": [79, 66, 200, 162], "classname": "face_with_mask", "Confidence": 1, "Attributes": {}}, {"isProtected": false, "ID": 968906789424792448, "BoundingBox": [518, 44, 582, 113], "classname": "face_with_mask", "Confidence": 1, "Attributes": {}}, {"isProtected": false, "ID": 127154171511855824, "BoundingBox": [581, 54, 636, 132], "classname": "face_with_mask", "Confidence": 1, "Attributes": {}}, {"isProtected": false, "ID": 475204629773622976, "BoundingBox": [472, 109, 549, 188], "classname": "face_with_mask", "Confidence": 1, "Attributes": {}}, {"isProtected": false, "ID": 411681448447306368, "BoundingBox": [736, 81, 820, 199], "classname": "face_no_mask", "Confidence": 1, "Attributes": {}}, {"isProtected": false, "ID": 757981582831877504, "BoundingBox": [132, 115, 196, 164], "classname": "mask_surgical", "Confidence": 1, "Attributes": {}}, {"isProtected": false, "ID": 588557408240032384, "BoundingBox": [540, 68, 579, 110], "classname": "mask_colorful", "Confidence": 1, "Attributes": {}}, {"isProtected": false, "ID": 529080901661841984, "BoundingBox": [595, 86, 632, 126], "classname": "mask_surgical", "Confidence": 1, "Attributes": {}}, {"isProtected": false, "ID": 798354224853830784, "BoundingBox": [502, 150, 540, 184], "classname": "mask_surgical", "Confidence": 1, "Attributes": {}}, {"isProtected": false, "ID": 660857667009665280, "BoundingBox": [640, 64, 710, 102], "classname": "hat", "Confidence": 1, "Attributes": {}}, {"isProtected": false, "ID": 948621865108875520, "BoundingBox": [642, 94, 687, 136], "classname": "face_other_covering", "Confidence": 1, "Attributes": {}}, {"isProtected": false, "ID": 135694048395825440, "BoundingBox": [809, 44, 858, 99], "classname": "face_no_mask", "Confidence": 1, "Attributes": {}}]}