{"FileName": "2152.jpg", "NumOfAnno": 5, "Annotations": [{"isProtected": false, "ID": 24341721881960264, "BoundingBox": [150, 40, 328, 290], "classname": "face_with_mask", "Confidence": 1, "Attributes": {}}, {"isProtected": false, "ID": 422713051500184576, "BoundingBox": [499, 59, 673, 327], "classname": "face_with_mask", "Confidence": 1, "Attributes": {}}, {"isProtected": false, "ID": 390239277887298304, "BoundingBox": [158, 164, 325, 287], "classname": "mask_surgical", "Confidence": 1, "Attributes": {}}, {"isProtected": false, "ID": 167122679670074112, "BoundingBox": [515, 224, 667, 326], "classname": "mask_surgical", "Confidence": 1, "Attributes": {}}, {"isProtected": false, "ID": 504604377820906624, "BoundingBox": [165, 124, 321, 174], "classname": "eyeglasses", "Confidence": 1, "Attributes": {}}]}