{"FileName": "2154.png", "NumOfAnno": 3, "Annotations": [{"isProtected": false, "ID": 441722224062686144, "BoundingBox": [111, 281, 586, 966], "classname": "face_with_mask", "Confidence": 1, "Attributes": {}}, {"isProtected": false, "ID": 587670300509673344, "BoundingBox": [205, 611, 585, 952], "classname": "mask_colorful", "Confidence": 1, "Attributes": {}}, {"isProtected": false, "ID": 837237708681696384, "BoundingBox": [110, 277, 574, 673], "classname": "hat", "Confidence": 1, "Attributes": {}}]}