{"FileName": "2155.png", "NumOfAnno": 3, "Annotations": [{"isProtected": false, "ID": 763651550343534208, "BoundingBox": [147, 11, 280, 178], "classname": "face_with_mask", "Confidence": 1, "Attributes": {}}, {"isProtected": false, "ID": 336048598060363456, "BoundingBox": [151, 97, 260, 174], "classname": "mask_surgical", "Confidence": 1, "Attributes": {}}, {"isProtected": false, "ID": 15748007122223018, "BoundingBox": [494, 72, 517, 107], "classname": "face_no_mask", "Confidence": 1, "Attributes": {}}]}