{"FileName": "2157.png", "NumOfAnno": 6, "Annotations": [{"isProtected": false, "ID": 685194499080682880, "BoundingBox": [2, 0, 414, 391], "classname": "helmet", "Confidence": 1, "Attributes": {}}, {"isProtected": false, "ID": 413026365945826432, "BoundingBox": [452, 45, 682, 347], "classname": "face_other_covering", "Confidence": 1, "Attributes": {}}, {"isProtected": false, "ID": 56370382431120360, "BoundingBox": [7, 3, 413, 386], "classname": "face_other_covering", "Confidence": 1, "Attributes": {}}, {"isProtected": false, "ID": 80933970881342912, "BoundingBox": [454, 41, 690, 224], "classname": "helmet", "Confidence": 1, "Attributes": {}}, {"isProtected": false, "ID": 688471524766822912, "BoundingBox": [448, 159, 671, 344], "classname": "scarf_bandana", "Confidence": 1, "Attributes": {}}, {"isProtected": false, "ID": 859751795326903552, "BoundingBox": [540, 155, 677, 230], "classname": "sunglasses", "Confidence": 1, "Attributes": {}}]}