{"FileName": "2159.png", "NumOfAnno": 3, "Annotations": [{"isProtected": false, "ID": 670783509545528960, "BoundingBox": [239, 21, 620, 504], "classname": "face_with_mask", "Confidence": 1, "Attributes": {}}, {"isProtected": false, "ID": 295874449043116544, "BoundingBox": [232, 15, 623, 271], "classname": "hat", "Confidence": 1, "Attributes": {}}, {"isProtected": false, "ID": 543872998739884352, "BoundingBox": [280, 337, 495, 504], "classname": "mask_surgical", "Confidence": 1, "Attributes": {}}]}