{"FileName": "2161.png", "NumOfAnno": 4, "Annotations": [{"isProtected": false, "ID": 971462366103095296, "BoundingBox": [316, 238, 373, 311], "classname": "face_with_mask", "Confidence": 1, "Attributes": {}}, {"isProtected": false, "ID": 767343722721773056, "BoundingBox": [325, 272, 369, 308], "classname": "mask_colorful", "Confidence": 1, "Attributes": {}}, {"isProtected": false, "ID": 371759439911419904, "BoundingBox": [318, 259, 370, 277], "classname": "eyeglasses", "Confidence": 1, "Attributes": {}}, {"isProtected": false, "ID": 435184612775298624, "BoundingBox": [302, 229, 392, 333], "classname": "hijab_niqab", "Confidence": 1, "Attributes": {}}]}