{"FileName": "2162.png", "NumOfAnno": 3, "Annotations": [{"isProtected": false, "ID": 698582951525959680, "BoundingBox": [172, 15, 392, 329], "classname": "face_with_mask", "Confidence": 1, "Attributes": {}}, {"isProtected": false, "ID": 931579358854939904, "BoundingBox": [198, 180, 348, 291], "classname": "mask_colorful", "Confidence": 1, "Attributes": {}}, {"isProtected": false, "ID": 272318992900070336, "BoundingBox": [165, 102, 389, 338], "classname": "scarf_bandana", "Confidence": 1, "Attributes": {}}]}