{"FileName": "2165.png", "NumOfAnno": 5, "Annotations": [{"isProtected": false, "ID": 556673941541750080, "BoundingBox": [54, 51, 367, 438], "classname": "face_with_mask", "Confidence": 1, "Attributes": {}}, {"isProtected": false, "ID": 372169206368495296, "BoundingBox": [412, 52, 680, 434], "classname": "face_other_covering", "Confidence": 1, "Attributes": {}}, {"isProtected": false, "ID": 573706450436968000, "BoundingBox": [67, 208, 360, 439], "classname": "mask_colorful", "Confidence": 1, "Attributes": {}}, {"isProtected": false, "ID": 965824715395348096, "BoundingBox": [87, 192, 357, 294], "classname": "eyeglasses", "Confidence": 1, "Attributes": {}}, {"isProtected": false, "ID": 315114441598931072, "BoundingBox": [437, 219, 659, 503], "classname": "scarf_bandana", "Confidence": 1, "Attributes": {}}]}