{"FileName": "2166.png", "NumOfAnno": 3, "Annotations": [{"isProtected": false, "ID": 813731091576928000, "BoundingBox": [256, 123, 419, 315], "classname": "face_with_mask", "Confidence": 1, "Attributes": {}}, {"isProtected": false, "ID": 177992217606440576, "BoundingBox": [275, 189, 415, 238], "classname": "sunglasses", "Confidence": 1, "Attributes": {}}, {"isProtected": false, "ID": 351043862111459008, "BoundingBox": [284, 223, 403, 313], "classname": "mask_colorful", "Confidence": 1, "Attributes": {}}]}