{"FileName": "2168.png", "NumOfAnno": 3, "Annotations": [{"isProtected": false, "ID": 303603316274618112, "BoundingBox": [321, 114, 535, 385], "classname": "face_with_mask", "Confidence": 1, "Attributes": {}}, {"isProtected": false, "ID": 613472777822670464, "BoundingBox": [338, 287, 508, 384], "classname": "mask_surgical", "Confidence": 1, "Attributes": {}}, {"isProtected": false, "ID": 667235836800499968, "BoundingBox": [342, 209, 531, 317], "classname": "eyeglasses", "Confidence": 1, "Attributes": {}}]}