{"FileName": "2169.png", "NumOfAnno": 4, "Annotations": [{"isProtected": false, "ID": 386039958837579776, "BoundingBox": [24, 2, 552, 553], "classname": "face_with_mask", "Confidence": 1, "Attributes": {}}, {"isProtected": false, "ID": 94338420461396848, "BoundingBox": [85, 121, 512, 298], "classname": "sunglasses", "Confidence": 1, "Attributes": {}}, {"isProtected": false, "ID": 260004373466537920, "BoundingBox": [21, 0, 557, 194], "classname": "hat", "Confidence": 1, "Attributes": {}}, {"isProtected": false, "ID": 496697366015718592, "BoundingBox": [104, 272, 521, 548], "classname": "mask_colorful", "Confidence": 1, "Attributes": {}}]}