{"FileName": "2170.png", "NumOfAnno": 3, "Annotations": [{"isProtected": false, "ID": 525431249761237248, "BoundingBox": [203, 65, 485, 431], "classname": "face_with_mask", "Confidence": 1, "Attributes": {}}, {"isProtected": false, "ID": 764789463046367872, "BoundingBox": [208, 250, 433, 424], "classname": "mask_colorful", "Confidence": 1, "Attributes": {}}, {"isProtected": false, "ID": 412190017456515520, "BoundingBox": [242, 64, 484, 322], "classname": "hat", "Confidence": 1, "Attributes": {}}]}