{"FileName": "2171.png", "NumOfAnno": 6, "Annotations": [{"isProtected": false, "ID": 74132616086769680, "BoundingBox": [6, 176, 284, 552], "classname": "face_with_mask", "Confidence": 1, "Attributes": {}}, {"isProtected": false, "ID": 237155575654294560, "BoundingBox": [443, 10, 711, 419], "classname": "face_with_mask", "Confidence": 1, "Attributes": {}}, {"isProtected": false, "ID": 819508748340802176, "BoundingBox": [450, 4, 711, 164], "classname": "hat", "Confidence": 1, "Attributes": {}}, {"isProtected": false, "ID": 343754542734526336, "BoundingBox": [7, 421, 279, 552], "classname": "mask_colorful", "Confidence": 1, "Attributes": {}}, {"isProtected": false, "ID": 451678957456493312, "BoundingBox": [451, 232, 710, 415], "classname": "mask_colorful", "Confidence": 1, "Attributes": {}}, {"isProtected": false, "ID": 857585967615778560, "BoundingBox": [452, 173, 708, 257], "classname": "eyeglasses", "Confidence": 1, "Attributes": {}}]}