{"FileName": "2175.png", "NumOfAnno": 4, "Annotations": [{"isProtected": false, "ID": 379748778139700416, "BoundingBox": [255, 17, 601, 485], "classname": "face_with_mask", "Confidence": 1, "Attributes": {}}, {"isProtected": false, "ID": 944176752720376320, "BoundingBox": [246, 90, 660, 500], "classname": "face_shield", "Confidence": 1, "Attributes": {}}, {"isProtected": false, "ID": 912794490647386624, "BoundingBox": [280, 276, 571, 477], "classname": "mask_colorful", "Confidence": 1, "Attributes": {}}, {"isProtected": false, "ID": 194247797565477952, "BoundingBox": [275, 197, 578, 310], "classname": "goggles", "Confidence": 1, "Attributes": {}}]}