{"FileName": "2176.png", "NumOfAnno": 3, "Annotations": [{"isProtected": false, "ID": 347648992879900800, "BoundingBox": [175, 15, 496, 446], "classname": "face_with_mask", "Confidence": 1, "Attributes": {}}, {"isProtected": false, "ID": 103868172315462528, "BoundingBox": [168, 158, 474, 274], "classname": "sunglasses", "Confidence": 1, "Attributes": {}}, {"isProtected": false, "ID": 932617337868310144, "BoundingBox": [188, 243, 455, 441], "classname": "mask_colorful", "Confidence": 1, "Attributes": {}}]}