{"FileName": "2177.png", "NumOfAnno": 3, "Annotations": [{"isProtected": false, "ID": 753134149394925824, "BoundingBox": [387, 130, 525, 321], "classname": "face_with_mask", "Confidence": 1, "Attributes": {}}, {"isProtected": false, "ID": 787964020647674752, "BoundingBox": [384, 219, 499, 319], "classname": "mask_colorful", "Confidence": 1, "Attributes": {}}, {"isProtected": false, "ID": 167830170062746816, "BoundingBox": [397, 211, 504, 261], "classname": "eyeglasses", "Confidence": 1, "Attributes": {}}]}