{"FileName": "2180.png", "NumOfAnno": 6, "Annotations": [{"isProtected": false, "ID": 544001100607096512, "BoundingBox": [325, 171, 391, 252], "classname": "face_with_mask", "Confidence": 1, "Attributes": {}}, {"isProtected": false, "ID": 364972543547432896, "BoundingBox": [5, 245, 64, 310], "classname": "face_with_mask", "Confidence": 1, "Attributes": {}}, {"isProtected": false, "ID": 158743970275386784, "BoundingBox": [5, 271, 57, 307], "classname": "mask_surgical", "Confidence": 1, "Attributes": {}}, {"isProtected": false, "ID": 7315011662640591, "BoundingBox": [340, 221, 384, 251], "classname": "mask_surgical", "Confidence": 1, "Attributes": {}}, {"isProtected": false, "ID": 100483104911599280, "BoundingBox": [330, 167, 389, 212], "classname": "hat", "Confidence": 1, "Attributes": {}}, {"isProtected": false, "ID": 542668920604324352, "BoundingBox": [5, 236, 60, 267], "classname": "hat", "Confidence": 1, "Attributes": {}}]}