{"FileName": "2181.png", "NumOfAnno": 4, "Annotations": [{"isProtected": false, "ID": 164076541005302016, "BoundingBox": [43, 73, 246, 342], "classname": "face_with_mask", "Confidence": 1, "Attributes": {}}, {"isProtected": false, "ID": 739863750661554688, "BoundingBox": [302, 40, 494, 284], "classname": "face_with_mask", "Confidence": 1, "Attributes": {}}, {"isProtected": false, "ID": 796189593102256256, "BoundingBox": [50, 233, 230, 339], "classname": "mask_colorful", "Confidence": 1, "Attributes": {}}, {"isProtected": false, "ID": 124225043331491200, "BoundingBox": [302, 165, 473, 287], "classname": "mask_colorful", "Confidence": 1, "Attributes": {}}]}