{"FileName": "2185.png", "NumOfAnno": 6, "Annotations": [{"isProtected": false, "ID": 569479522389297344, "BoundingBox": [828, 122, 934, 228], "classname": "face_with_mask", "Confidence": 1, "Attributes": {}}, {"isProtected": false, "ID": 945796994201981312, "BoundingBox": [302, 33, 411, 153], "classname": "face_with_mask", "Confidence": 1, "Attributes": {}}, {"isProtected": false, "ID": 965130497664162688, "BoundingBox": [833, 180, 873, 220], "classname": "mask_colorful", "Confidence": 1, "Attributes": {}}, {"isProtected": false, "ID": 77471646578075040, "BoundingBox": [320, 104, 368, 153], "classname": "mask_colorful", "Confidence": 1, "Attributes": {}}, {"isProtected": false, "ID": 920506777779842688, "BoundingBox": [303, 66, 375, 151], "classname": "face_shield", "Confidence": 1, "Attributes": {}}, {"isProtected": false, "ID": 900748937104051968, "BoundingBox": [831, 142, 895, 226], "classname": "face_shield", "Confidence": 1, "Attributes": {}}]}