{"FileName": "2193.png", "NumOfAnno": 5, "Annotations": [{"isProtected": false, "ID": 616838501759323520, "BoundingBox": [79, 9, 422, 413], "classname": "face_with_mask", "Confidence": 1, "Attributes": {}}, {"isProtected": false, "ID": 762172608768814592, "BoundingBox": [363, 200, 652, 616], "classname": "face_with_mask", "Confidence": 1, "Attributes": {}}, {"isProtected": false, "ID": 369798832511957568, "BoundingBox": [115, 202, 349, 399], "classname": "mask_colorful", "Confidence": 1, "Attributes": {}}, {"isProtected": false, "ID": 619939216545147008, "BoundingBox": [375, 386, 644, 606], "classname": "mask_colorful", "Confidence": 1, "Attributes": {}}, {"isProtected": false, "ID": 920296347724768640, "BoundingBox": [71, 5, 422, 246], "classname": "hat", "Confidence": 1, "Attributes": {}}]}