{"FileName": "2194.png", "NumOfAnno": 3, "Annotations": [{"isProtected": false, "ID": 234071591362532960, "BoundingBox": [230, 58, 399, 254], "classname": "face_with_mask", "Confidence": 1, "Attributes": {}}, {"isProtected": false, "ID": 236398455418785792, "BoundingBox": [255, 131, 398, 250], "classname": "mask_colorful", "Confidence": 1, "Attributes": {}}, {"isProtected": false, "ID": 88179886857122976, "BoundingBox": [234, 87, 369, 180], "classname": "goggles", "Confidence": 1, "Attributes": {}}]}