{"FileName": "2195.png", "NumOfAnno": 7, "Annotations": [{"isProtected": false, "ID": 475668487178860672, "BoundingBox": [56, 3, 342, 298], "classname": "face_with_mask", "Confidence": 1, "Attributes": {}}, {"isProtected": false, "ID": 804577876405981696, "BoundingBox": [418, 89, 719, 608], "classname": "face_with_mask", "Confidence": 1, "Attributes": {}}, {"isProtected": false, "ID": 900548156364639360, "BoundingBox": [73, 126, 333, 293], "classname": "mask_colorful", "Confidence": 1, "Attributes": {}}, {"isProtected": false, "ID": 502527922776372608, "BoundingBox": [457, 408, 719, 604], "classname": "mask_colorful", "Confidence": 1, "Attributes": {}}, {"isProtected": false, "ID": 433462635590998592, "BoundingBox": [52, 3, 338, 128], "classname": "hat", "Confidence": 1, "Attributes": {}}, {"isProtected": false, "ID": 222600248215161664, "BoundingBox": [449, 152, 719, 395], "classname": "hat", "Confidence": 1, "Attributes": {}}, {"isProtected": false, "ID": 935378062082000896, "BoundingBox": [422, 90, 718, 606], "classname": "hood", "Confidence": 1, "Attributes": {}}]}