{"FileName": "2206.png", "NumOfAnno": 3, "Annotations": [{"isProtected": false, "ID": 131834700273630976, "BoundingBox": [24, 122, 317, 480], "classname": "face_other_covering", "Confidence": 1, "Attributes": {}}, {"isProtected": false, "ID": 75779661021770800, "BoundingBox": [19, 208, 318, 485], "classname": "gas_mask", "Confidence": 1, "Attributes": {}}, {"isProtected": false, "ID": 61356308442225728, "BoundingBox": [63, 123, 313, 310], "classname": "helmet", "Confidence": 1, "Attributes": {}}]}