{"FileName": "2208.png", "NumOfAnno": 3, "Annotations": [{"isProtected": false, "ID": 198864462964031360, "BoundingBox": [91, 161, 330, 458], "classname": "balaclava_ski_mask", "Confidence": 1, "Attributes": {}}, {"isProtected": false, "ID": 441275089300115392, "BoundingBox": [32, 16, 358, 254], "classname": "helmet", "Confidence": 1, "Attributes": {}}, {"isProtected": false, "ID": 665202143102652032, "BoundingBox": [31, 21, 353, 401], "classname": "face_other_covering", "Confidence": 1, "Attributes": {}}]}