{"FileName": "2212.png", "NumOfAnno": 4, "Annotations": [{"isProtected": false, "ID": 921193681757791360, "BoundingBox": [253, 15, 581, 496], "classname": "face_other_covering", "Confidence": 1, "Attributes": {}}, {"isProtected": false, "ID": 946960435481876864, "BoundingBox": [246, 247, 579, 499], "classname": "scarf_bandana", "Confidence": 1, "Attributes": {}}, {"isProtected": false, "ID": 271018225981091168, "BoundingBox": [262, 181, 568, 293], "classname": "sunglasses", "Confidence": 1, "Attributes": {}}, {"isProtected": false, "ID": 39910538170891296, "BoundingBox": [262, 17, 553, 193], "classname": "hat", "Confidence": 1, "Attributes": {}}]}