{"FileName": "2213.png", "NumOfAnno": 4, "Annotations": [{"isProtected": false, "ID": 766391795302278400, "BoundingBox": [413, 25, 526, 172], "classname": "face_with_mask", "Confidence": 1, "Attributes": {}}, {"isProtected": false, "ID": 810623296529467264, "BoundingBox": [180, 7, 378, 156], "classname": "face_with_mask", "Confidence": 1, "Attributes": {}}, {"isProtected": false, "ID": 314068194428952064, "BoundingBox": [283, 51, 370, 154], "classname": "mask_colorful", "Confidence": 1, "Attributes": {}}, {"isProtected": false, "ID": 146224205506838688, "BoundingBox": [437, 95, 521, 175], "classname": "mask_colorful", "Confidence": 1, "Attributes": {}}]}