{"FileName": "2214.png", "NumOfAnno": 4, "Annotations": [{"isProtected": false, "ID": 807331938761356672, "BoundingBox": [339, 37, 659, 476], "classname": "face_with_mask", "Confidence": 1, "Attributes": {}}, {"isProtected": false, "ID": 770032832716993152, "BoundingBox": [91, 192, 314, 497], "classname": "face_with_mask", "Confidence": 1, "Attributes": {}}, {"isProtected": false, "ID": 820355915253446400, "BoundingBox": [111, 373, 308, 500], "classname": "mask_surgical", "Confidence": 1, "Attributes": {}}, {"isProtected": false, "ID": 233693348213427584, "BoundingBox": [359, 301, 589, 470], "classname": "mask_surgical", "Confidence": 1, "Attributes": {}}]}