{"FileName": "2216.png", "NumOfAnno": 4, "Annotations": [{"isProtected": false, "ID": 658764930840541440, "BoundingBox": [423, 122, 475, 184], "classname": "face_with_mask", "Confidence": 1, "Attributes": {}}, {"isProtected": false, "ID": 885674185621557376, "BoundingBox": [428, 154, 460, 179], "classname": "mask_surgical", "Confidence": 1, "Attributes": {}}, {"isProtected": false, "ID": 572288687370050112, "BoundingBox": [422, 121, 474, 163], "classname": "hat", "Confidence": 1, "Attributes": {}}, {"isProtected": false, "ID": 624516795745328000, "BoundingBox": [426, 148, 465, 157], "classname": "sunglasses", "Confidence": 1, "Attributes": {}}]}