{"FileName": "2219.png", "NumOfAnno": 4, "Annotations": [{"isProtected": false, "ID": 203300637734544224, "BoundingBox": [310, 32, 423, 177], "classname": "face_with_mask", "Confidence": 1, "Attributes": {}}, {"isProtected": false, "ID": 468490461670896256, "BoundingBox": [314, 110, 366, 165], "classname": "mask_surgical", "Confidence": 1, "Attributes": {}}, {"isProtected": false, "ID": 49954969145901696, "BoundingBox": [313, 75, 395, 172], "classname": "face_shield", "Confidence": 1, "Attributes": {}}, {"isProtected": false, "ID": 389599163679426496, "BoundingBox": [311, 35, 423, 92], "classname": "hair_net", "Confidence": 1, "Attributes": {}}]}