{"FileName": "2220.png", "NumOfAnno": 3, "Annotations": [{"isProtected": false, "ID": 859446791636426752, "BoundingBox": [361, 46, 476, 182], "classname": "face_with_mask", "Confidence": 1, "Attributes": {}}, {"isProtected": false, "ID": 795761969001137280, "BoundingBox": [363, 68, 473, 118], "classname": "goggles", "Confidence": 1, "Attributes": {}}, {"isProtected": false, "ID": 593243263400753408, "BoundingBox": [373, 106, 465, 182], "classname": "mask_surgical", "Confidence": 1, "Attributes": {}}]}