{"FileName": "2223.png", "NumOfAnno": 6, "Annotations": [{"isProtected": false, "ID": 219577687725435840, "BoundingBox": [427, 137, 575, 270], "classname": "face_with_mask", "Confidence": 1, "Attributes": {}}, {"isProtected": false, "ID": 230995412237096736, "BoundingBox": [340, 154, 444, 249], "classname": "face_with_mask", "Confidence": 1, "Attributes": {}}, {"isProtected": false, "ID": 253229081476005856, "BoundingBox": [27, 120, 215, 414], "classname": "face_with_mask", "Confidence": 1, "Attributes": {}}, {"isProtected": false, "ID": 634633328437889280, "BoundingBox": [435, 193, 493, 268], "classname": "mask_surgical", "Confidence": 1, "Attributes": {}}, {"isProtected": false, "ID": 816275591410472064, "BoundingBox": [345, 188, 398, 245], "classname": "mask_surgical", "Confidence": 1, "Attributes": {}}, {"isProtected": false, "ID": 969284113482503040, "BoundingBox": [24, 279, 168, 406], "classname": "mask_surgical", "Confidence": 1, "Attributes": {}}]}