{"FileName": "2229.png", "NumOfAnno": 7, "Annotations": [{"isProtected": false, "ID": 561389675021170112, "BoundingBox": [538, 63, 584, 126], "classname": "face_with_mask", "Confidence": 1, "Attributes": {}}, {"isProtected": false, "ID": 984766159428093056, "BoundingBox": [670, 104, 718, 162], "classname": "face_with_mask", "Confidence": 1, "Attributes": {}}, {"isProtected": false, "ID": 959077854131376384, "BoundingBox": [197, 127, 254, 180], "classname": "face_no_mask", "Confidence": 1, "Attributes": {}}, {"isProtected": false, "ID": 195363734363344640, "BoundingBox": [671, 122, 702, 161], "classname": "mask_surgical", "Confidence": 1, "Attributes": {}}, {"isProtected": false, "ID": 660676526572562432, "BoundingBox": [548, 88, 583, 124], "classname": "mask_surgical", "Confidence": 1, "Attributes": {}}, {"isProtected": false, "ID": 816691059988878464, "BoundingBox": [535, 42, 605, 107], "classname": "hood", "Confidence": 1, "Attributes": {}}, {"isProtected": false, "ID": 785521992011677696, "BoundingBox": [664, 82, 748, 166], "classname": "hood", "Confidence": 1, "Attributes": {}}]}