{"FileName": "2230.png", "NumOfAnno": 7, "Annotations": [{"isProtected": false, "ID": 327336915668235648, "BoundingBox": [328, 344, 384, 402], "classname": "face_with_mask", "Confidence": 1, "Attributes": {}}, {"isProtected": false, "ID": 297956002291962752, "BoundingBox": [179, 341, 234, 420], "classname": "face_with_mask", "Confidence": 1, "Attributes": {}}, {"isProtected": false, "ID": 911330270616389504, "BoundingBox": [184, 385, 225, 413], "classname": "mask_surgical", "Confidence": 1, "Attributes": {}}, {"isProtected": false, "ID": 55246590868505032, "BoundingBox": [336, 370, 374, 397], "classname": "mask_surgical", "Confidence": 1, "Attributes": {}}, {"isProtected": false, "ID": 582817563121362560, "BoundingBox": [178, 344, 234, 392], "classname": "hat", "Confidence": 1, "Attributes": {}}, {"isProtected": false, "ID": 630931793054069120, "BoundingBox": [324, 312, 399, 391], "classname": "hood", "Confidence": 1, "Attributes": {}}, {"isProtected": false, "ID": 165058730047069280, "BoundingBox": [328, 359, 368, 378], "classname": "sunglasses", "Confidence": 1, "Attributes": {}}]}