{"FileName": "2231.png", "NumOfAnno": 4, "Annotations": [{"isProtected": false, "ID": 377654268433724864, "BoundingBox": [326, 98, 374, 160], "classname": "face_with_mask", "Confidence": 1, "Attributes": {}}, {"isProtected": false, "ID": 523273583262352640, "BoundingBox": [411, 113, 459, 172], "classname": "face_with_mask", "Confidence": 1, "Attributes": {}}, {"isProtected": false, "ID": 549790584440110656, "BoundingBox": [415, 144, 457, 169], "classname": "mask_surgical", "Confidence": 1, "Attributes": {}}, {"isProtected": false, "ID": 772693239471316352, "BoundingBox": [339, 130, 369, 160], "classname": "mask_colorful", "Confidence": 1, "Attributes": {}}]}