{"FileName": "2233.png", "NumOfAnno": 3, "Annotations": [{"isProtected": false, "ID": 401543922363838208, "BoundingBox": [309, 101, 449, 253], "classname": "face_with_mask", "Confidence": 1, "Attributes": {}}, {"isProtected": false, "ID": 897142426276245888, "BoundingBox": [309, 107, 444, 183], "classname": "hat", "Confidence": 1, "Attributes": {}}, {"isProtected": false, "ID": 751612461786288640, "BoundingBox": [333, 193, 420, 249], "classname": "mask_colorful", "Confidence": 1, "Attributes": {}}]}