{"FileName": "2234.png", "NumOfAnno": 3, "Annotations": [{"isProtected": false, "ID": 917868863330715136, "BoundingBox": [598, 4, 785, 227], "classname": "face_with_mask", "Confidence": 1, "Attributes": {}}, {"isProtected": false, "ID": 969862651683924096, "BoundingBox": [597, 101, 742, 225], "classname": "mask_surgical", "Confidence": 1, "Attributes": {}}, {"isProtected": false, "ID": 92129950245154800, "BoundingBox": [603, 75, 731, 114], "classname": "eyeglasses", "Confidence": 1, "Attributes": {}}]}