{"FileName": "2235.png", "NumOfAnno": 8, "Annotations": [{"isProtected": false, "ID": 88709197898782064, "BoundingBox": [180, 118, 237, 194], "classname": "face_with_mask", "Confidence": 1, "Attributes": {}}, {"isProtected": false, "ID": 581483495365269632, "BoundingBox": [77, 93, 166, 195], "classname": "face_with_mask", "Confidence": 1, "Attributes": {}}, {"isProtected": false, "ID": 346629823884630720, "BoundingBox": [627, 187, 680, 244], "classname": "face_with_mask", "Confidence": 1, "Attributes": {}}, {"isProtected": false, "ID": 194041296111475456, "BoundingBox": [125, 152, 168, 196], "classname": "mask_surgical", "Confidence": 1, "Attributes": {}}, {"isProtected": false, "ID": 324568060487070208, "BoundingBox": [198, 154, 235, 195], "classname": "mask_surgical", "Confidence": 1, "Attributes": {}}, {"isProtected": false, "ID": 359260518706618432, "BoundingBox": [630, 209, 668, 241], "classname": "mask_surgical", "Confidence": 1, "Attributes": {}}, {"isProtected": false, "ID": 253061983315810752, "BoundingBox": [710, 245, 749, 291], "classname": "mask_surgical", "Confidence": 1, "Attributes": {}}, {"isProtected": false, "ID": 227021984392893568, "BoundingBox": [706, 192, 755, 296], "classname": "face_with_mask", "Confidence": 1, "Attributes": {}}]}