{"FileName": "2236.png", "NumOfAnno": 3, "Annotations": [{"isProtected": false, "ID": 757210238809606144, "BoundingBox": [165, 3, 620, 536], "classname": "face_with_mask", "Confidence": 1, "Attributes": {}}, {"isProtected": false, "ID": 614046088189531904, "BoundingBox": [232, 284, 568, 533], "classname": "mask_colorful", "Confidence": 1, "Attributes": {}}, {"isProtected": false, "ID": 744815624588896256, "BoundingBox": [196, 187, 622, 343], "classname": "sunglasses", "Confidence": 1, "Attributes": {}}]}