{"FileName": "2238.png", "NumOfAnno": 3, "Annotations": [{"isProtected": false, "ID": 533091654444873152, "BoundingBox": [375, 126, 512, 312], "classname": "face_with_mask_incorrect", "Confidence": 1, "Attributes": {}}, {"isProtected": false, "ID": 175012297891490752, "BoundingBox": [414, 252, 491, 306], "classname": "mask_colorful", "Confidence": 1, "Attributes": {}}, {"isProtected": false, "ID": 154088316102792928, "BoundingBox": [389, 198, 493, 241], "classname": "sunglasses", "Confidence": 1, "Attributes": {}}]}