{"FileName": "2244.png", "NumOfAnno": 3, "Annotations": [{"isProtected": false, "ID": 264365009246088736, "BoundingBox": [157, 123, 226, 214], "classname": "face_with_mask", "Confidence": 1, "Attributes": {}}, {"isProtected": false, "ID": 197118619764432800, "BoundingBox": [162, 156, 223, 211], "classname": "mask_colorful", "Confidence": 1, "Attributes": {}}, {"isProtected": false, "ID": 170262662477133056, "BoundingBox": [160, 153, 213, 179], "classname": "eyeglasses", "Confidence": 1, "Attributes": {}}]}