{"FileName": "2245.png", "NumOfAnno": 3, "Annotations": [{"isProtected": false, "ID": 382119361099542912, "BoundingBox": [36, 8, 276, 326], "classname": "face_with_mask", "Confidence": 1, "Attributes": {}}, {"isProtected": false, "ID": 284900303710693088, "BoundingBox": [84, 168, 258, 319], "classname": "mask_surgical", "Confidence": 1, "Attributes": {}}, {"isProtected": false, "ID": 773768211530344960, "BoundingBox": [56, 121, 259, 212], "classname": "sunglasses", "Confidence": 1, "Attributes": {}}]}