{"FileName": "2250.png", "NumOfAnno": 3, "Annotations": [{"isProtected": false, "ID": 11537886559531918, "BoundingBox": [393, 4, 817, 453], "classname": "face_other_covering", "Confidence": 1, "Attributes": {}}, {"isProtected": false, "ID": 123459572600671968, "BoundingBox": [368, 205, 923, 500], "classname": "scarf_bandana", "Confidence": 1, "Attributes": {}}, {"isProtected": false, "ID": 194077237259834048, "BoundingBox": [354, 2, 921, 485], "classname": "hijab_niqab", "Confidence": 1, "Attributes": {}}]}