{"FileName": "2251.png", "NumOfAnno": 3, "Annotations": [{"isProtected": false, "ID": 579534667856498176, "BoundingBox": [243, 12, 534, 368], "classname": "face_with_mask", "Confidence": 1, "Attributes": {}}, {"isProtected": false, "ID": 672645042692273152, "BoundingBox": [271, 216, 510, 365], "classname": "mask_surgical", "Confidence": 1, "Attributes": {}}, {"isProtected": false, "ID": 636649949079053312, "BoundingBox": [241, 10, 529, 205], "classname": "hat", "Confidence": 1, "Attributes": {}}]}