{"FileName": "2253.png", "NumOfAnno": 3, "Annotations": [{"isProtected": false, "ID": 838325043483386240, "BoundingBox": [345, 113, 595, 449], "classname": "face_other_covering", "Confidence": 1, "Attributes": {}}, {"isProtected": false, "ID": 821532611217075072, "BoundingBox": [354, 196, 585, 438], "classname": "gas_mask", "Confidence": 1, "Attributes": {}}, {"isProtected": false, "ID": 678757250573058304, "BoundingBox": [348, 114, 595, 448], "classname": "hood", "Confidence": 1, "Attributes": {}}]}