{"FileName": "2255.png", "NumOfAnno": 7, "Annotations": [{"isProtected": false, "ID": 391760518251651584, "BoundingBox": [13, 394, 190, 606], "classname": "face_with_mask", "Confidence": 1, "Attributes": {}}, {"isProtected": false, "ID": 239992460793313376, "BoundingBox": [316, 268, 475, 518], "classname": "face_with_mask", "Confidence": 1, "Attributes": {}}, {"isProtected": false, "ID": 872632547173582848, "BoundingBox": [445, 68, 706, 391], "classname": "face_with_mask", "Confidence": 1, "Attributes": {}}, {"isProtected": false, "ID": 924335059244846720, "BoundingBox": [25, 502, 170, 596], "classname": "mask_colorful", "Confidence": 1, "Attributes": {}}, {"isProtected": false, "ID": 902685212277801216, "BoundingBox": [317, 404, 463, 506], "classname": "mask_colorful", "Confidence": 1, "Attributes": {}}, {"isProtected": false, "ID": 469983397773000000, "BoundingBox": [479, 234, 721, 396], "classname": "mask_colorful", "Confidence": 1, "Attributes": {}}, {"isProtected": false, "ID": 941667689043424768, "BoundingBox": [465, 172, 661, 289], "classname": "eyeglasses", "Confidence": 1, "Attributes": {}}]}