{"FileName": "2258.png", "NumOfAnno": 5, "Annotations": [{"isProtected": false, "ID": 590562526165885952, "BoundingBox": [290, 220, 338, 289], "classname": "face_with_mask", "Confidence": 1, "Attributes": {}}, {"isProtected": false, "ID": 649721495116226304, "BoundingBox": [299, 252, 337, 281], "classname": "mask_surgical", "Confidence": 1, "Attributes": {}}, {"isProtected": false, "ID": 730491644612181120, "BoundingBox": [182, 254, 213, 296], "classname": "face_with_mask", "Confidence": 1, "Attributes": {}}, {"isProtected": false, "ID": 756608542096635904, "BoundingBox": [186, 274, 209, 295], "classname": "mask_colorful", "Confidence": 1, "Attributes": {}}, {"isProtected": false, "ID": 730407370831587072, "BoundingBox": [186, 268, 211, 276], "classname": "eyeglasses", "Confidence": 1, "Attributes": {}}]}