{"FileName": "2261.png", "NumOfAnno": 4, "Annotations": [{"isProtected": false, "ID": 886301857199165824, "BoundingBox": [4, 67, 278, 382], "classname": "face_with_mask", "Confidence": 1, "Attributes": {}}, {"isProtected": false, "ID": 977667208305191040, "BoundingBox": [463, 82, 622, 299], "classname": "face_with_mask", "Confidence": 1, "Attributes": {}}, {"isProtected": false, "ID": 118165232214416656, "BoundingBox": [490, 223, 591, 295], "classname": "mask_surgical", "Confidence": 1, "Attributes": {}}, {"isProtected": false, "ID": 440865245291814464, "BoundingBox": [53, 293, 164, 362], "classname": "mask_surgical", "Confidence": 1, "Attributes": {}}]}