{"FileName": "2266.png", "NumOfAnno": 3, "Annotations": [{"isProtected": false, "ID": 532311719346584832, "BoundingBox": [458, 139, 661, 316], "classname": "face_with_mask", "Confidence": 1, "Attributes": {}}, {"isProtected": false, "ID": 37830949405793568, "BoundingBox": [499, 249, 590, 317], "classname": "mask_colorful", "Confidence": 1, "Attributes": {}}, {"isProtected": false, "ID": 593983034436341120, "BoundingBox": [460, 141, 660, 249], "classname": "hat", "Confidence": 1, "Attributes": {}}]}