{"FileName": "2268.png", "NumOfAnno": 3, "Annotations": [{"isProtected": false, "ID": 896887122299228928, "BoundingBox": [213, 17, 528, 458], "classname": "face_with_mask", "Confidence": 1, "Attributes": {}}, {"isProtected": false, "ID": 934123272288438144, "BoundingBox": [211, 254, 474, 447], "classname": "mask_colorful", "Confidence": 1, "Attributes": {}}, {"isProtected": false, "ID": 746345202097114496, "BoundingBox": [209, 10, 534, 253], "classname": "hat", "Confidence": 1, "Attributes": {}}]}