{"FileName": "2269.png", "NumOfAnno": 3, "Annotations": [{"isProtected": false, "ID": 705550905132226688, "BoundingBox": [162, 21, 273, 204], "classname": "face_with_mask", "Confidence": 1, "Attributes": {}}, {"isProtected": false, "ID": 309721084687856960, "BoundingBox": [194, 139, 253, 200], "classname": "mask_colorful", "Confidence": 1, "Attributes": {}}, {"isProtected": false, "ID": 728274591362527744, "BoundingBox": [159, 17, 274, 152], "classname": "hat", "Confidence": 1, "Attributes": {}}]}