{"FileName": "2272.png", "NumOfAnno": 3, "Annotations": [{"isProtected": false, "ID": 246853058291132032, "BoundingBox": [216, 84, 592, 525], "classname": "face_other_covering", "Confidence": 1, "Attributes": {}}, {"isProtected": false, "ID": 390514075860909824, "BoundingBox": [218, 4, 590, 260], "classname": "hat", "Confidence": 1, "Attributes": {}}, {"isProtected": false, "ID": 383993286651086656, "BoundingBox": [290, 128, 593, 337], "classname": "sunglasses", "Confidence": 1, "Attributes": {}}]}