{"FileName": "2274.png", "NumOfAnno": 4, "Annotations": [{"isProtected": false, "ID": 524135483551908992, "BoundingBox": [6, 54, 238, 359], "classname": "face_other_covering", "Confidence": 1, "Attributes": {}}, {"isProtected": false, "ID": 877907504014919936, "BoundingBox": [241, 78, 444, 392], "classname": "face_other_covering", "Confidence": 1, "Attributes": {}}, {"isProtected": false, "ID": 154566370361447392, "BoundingBox": [4, 45, 232, 423], "classname": "hijab_niqab", "Confidence": 1, "Attributes": {}}, {"isProtected": false, "ID": 861937482170168832, "BoundingBox": [234, 71, 444, 423], "classname": "hijab_niqab", "Confidence": 1, "Attributes": {}}]}