{"FileName": "2275.png", "NumOfAnno": 5, "Annotations": [{"isProtected": false, "ID": 853547539492550272, "BoundingBox": [120, 137, 194, 215], "classname": "face_with_mask", "Confidence": 1, "Attributes": {}}, {"isProtected": false, "ID": 489808976506565504, "BoundingBox": [319, 232, 372, 295], "classname": "face_no_mask", "Confidence": 1, "Attributes": {}}, {"isProtected": false, "ID": 328780358530077120, "BoundingBox": [143, 170, 190, 212], "classname": "mask_surgical", "Confidence": 1, "Attributes": {}}, {"isProtected": false, "ID": 152236001372477600, "BoundingBox": [217, 155, 290, 230], "classname": "face_no_mask", "Confidence": 1, "Attributes": {}}, {"isProtected": false, "ID": 977446357083411968, "BoundingBox": [478, 216, 507, 267], "classname": "face_no_mask", "Confidence": 1, "Attributes": {}}]}