{"FileName": "2276.png", "NumOfAnno": 7, "Annotations": [{"isProtected": false, "ID": 804444481403225344, "BoundingBox": [243, 152, 480, 488], "classname": "face_with_mask_incorrect", "Confidence": 1, "Attributes": {}}, {"isProtected": false, "ID": 581998297050747776, "BoundingBox": [286, 406, 440, 485], "classname": "mask_surgical", "Confidence": 1, "Attributes": {}}, {"isProtected": false, "ID": 148720187629766368, "BoundingBox": [250, 150, 469, 298], "classname": "hat", "Confidence": 1, "Attributes": {}}, {"isProtected": false, "ID": 429780461176041728, "BoundingBox": [449, 198, 480, 234], "classname": "mask_surgical", "Confidence": 1, "Attributes": {}}, {"isProtected": false, "ID": 592954475727321472, "BoundingBox": [0, 243, 288, 598], "classname": "face_no_mask", "Confidence": 1, "Attributes": {}}, {"isProtected": false, "ID": 8436421092451019, "BoundingBox": [288, 308, 456, 374], "classname": "eyeglasses", "Confidence": 1, "Attributes": {}}, {"isProtected": false, "ID": 736722715243088896, "BoundingBox": [439, 158, 485, 232], "classname": "face_with_mask", "Confidence": 1, "Attributes": {}}]}