{"FileName": "2277.png", "NumOfAnno": 5, "Annotations": [{"isProtected": false, "ID": 428607030931073216, "BoundingBox": [491, 43, 641, 241], "classname": "face_with_mask", "Confidence": 1, "Attributes": {}}, {"isProtected": false, "ID": 162796707813793952, "BoundingBox": [496, 153, 607, 233], "classname": "mask_surgical", "Confidence": 1, "Attributes": {}}, {"isProtected": false, "ID": 774447090586805248, "BoundingBox": [358, 68, 435, 154], "classname": "face_no_mask", "Confidence": 1, "Attributes": {}}, {"isProtected": false, "ID": 243947511203181152, "BoundingBox": [271, 83, 323, 142], "classname": "face_no_mask", "Confidence": 1, "Attributes": {}}, {"isProtected": false, "ID": 639774768948274560, "BoundingBox": [46, 85, 70, 113], "classname": "face_no_mask", "Confidence": 1, "Attributes": {}}]}