{"FileName": "2278.png", "NumOfAnno": 11, "Annotations": [{"isProtected": false, "ID": 930718065686104320, "BoundingBox": [369, 7, 471, 107], "classname": "face_no_mask", "Confidence": 1, "Attributes": {}}, {"isProtected": false, "ID": 458993497465454272, "BoundingBox": [142, 93, 295, 288], "classname": "face_with_mask_incorrect", "Confidence": 1, "Attributes": {}}, {"isProtected": false, "ID": 786632990786696448, "BoundingBox": [345, 162, 719, 587], "classname": "face_with_mask", "Confidence": 1, "Attributes": {}}, {"isProtected": false, "ID": 287138639813274816, "BoundingBox": [411, 413, 670, 580], "classname": "mask_colorful", "Confidence": 1, "Attributes": {}}, {"isProtected": false, "ID": 653942205095855360, "BoundingBox": [178, 202, 289, 283], "classname": "mask_colorful", "Confidence": 1, "Attributes": {}}, {"isProtected": false, "ID": 664406765265359744, "BoundingBox": [189, 68, 241, 91], "classname": "mask_colorful", "Confidence": 1, "Attributes": {}}, {"isProtected": false, "ID": 179345472955574016, "BoundingBox": [166, 19, 252, 91], "classname": "face_with_mask", "Confidence": 1, "Attributes": {}}, {"isProtected": false, "ID": 887585826531090432, "BoundingBox": [234, 2, 280, 62], "classname": "face_no_mask", "Confidence": 1, "Attributes": {}}, {"isProtected": false, "ID": 898447501919156480, "BoundingBox": [316, 2, 368, 61], "classname": "face_no_mask", "Confidence": 1, "Attributes": {}}, {"isProtected": false, "ID": 801938151306420608, "BoundingBox": [758, 0, 813, 52], "classname": "face_no_mask", "Confidence": 1, "Attributes": {}}, {"isProtected": false, "ID": 934856449243373184, "BoundingBox": [509, 389, 677, 451], "classname": "eyeglasses", "Confidence": 1, "Attributes": {}}]}