{"FileName": "2279.png", "NumOfAnno": 8, "Annotations": [{"isProtected": false, "ID": 431835870611112384, "BoundingBox": [82, 180, 357, 432], "classname": "face_with_mask", "Confidence": 1, "Attributes": {}}, {"isProtected": false, "ID": 100786611000983296, "BoundingBox": [205, 303, 346, 436], "classname": "mask_surgical", "Confidence": 1, "Attributes": {}}, {"isProtected": false, "ID": 483350044142180864, "BoundingBox": [75, 173, 335, 387], "classname": "hair_net", "Confidence": 1, "Attributes": {}}, {"isProtected": false, "ID": 977659572145522048, "BoundingBox": [195, 251, 345, 309], "classname": "eyeglasses", "Confidence": 1, "Attributes": {}}, {"isProtected": false, "ID": 204722656591274880, "BoundingBox": [2, 106, 72, 234], "classname": "eyeglasses", "Confidence": 1, "Attributes": {}}, {"isProtected": false, "ID": 281200699363444704, "BoundingBox": [0, 6, 80, 104], "classname": "hair_net", "Confidence": 1, "Attributes": {}}, {"isProtected": false, "ID": 351328984248744512, "BoundingBox": [1, 173, 57, 294], "classname": "mask_surgical", "Confidence": 1, "Attributes": {}}, {"isProtected": false, "ID": 347613789207032320, "BoundingBox": [0, 9, 77, 301], "classname": "face_with_mask", "Confidence": 1, "Attributes": {}}]}