{"FileName": "2280.png", "NumOfAnno": 3, "Annotations": [{"isProtected": false, "ID": 172874317007094784, "BoundingBox": [339, 130, 385, 171], "classname": "goggles", "Confidence": 1, "Attributes": {}}, {"isProtected": false, "ID": 894544970889946112, "BoundingBox": [292, 95, 385, 201], "classname": "face_other_covering", "Confidence": 1, "Attributes": {}}, {"isProtected": false, "ID": 804366296967343872, "BoundingBox": [611, 51, 718, 180], "classname": "face_no_mask", "Confidence": 1, "Attributes": {}}]}