{"FileName": "2282.png", "NumOfAnno": 3, "Annotations": [{"isProtected": false, "ID": 336250578463248256, "BoundingBox": [333, 139, 403, 234], "classname": "face_with_mask", "Confidence": 1, "Attributes": {}}, {"isProtected": false, "ID": 514057944485835328, "BoundingBox": [342, 195, 395, 233], "classname": "mask_surgical", "Confidence": 1, "Attributes": {}}, {"isProtected": false, "ID": 980257792584947328, "BoundingBox": [336, 140, 401, 173], "classname": "goggles", "Confidence": 1, "Attributes": {}}]}