{"FileName": "2284.png", "NumOfAnno": 8, "Annotations": [{"isProtected": false, "ID": 680041987619901056, "BoundingBox": [102, 112, 201, 227], "classname": "face_with_mask", "Confidence": 1, "Attributes": {}}, {"isProtected": false, "ID": 641337300834337664, "BoundingBox": [93, 107, 205, 256], "classname": "hijab_niqab", "Confidence": 1, "Attributes": {}}, {"isProtected": false, "ID": 279874453027791136, "BoundingBox": [103, 180, 167, 224], "classname": "mask_surgical", "Confidence": 1, "Attributes": {}}, {"isProtected": false, "ID": 817235839717093888, "BoundingBox": [530, 116, 571, 142], "classname": "mask_surgical", "Confidence": 1, "Attributes": {}}, {"isProtected": false, "ID": 280666784186081056, "BoundingBox": [490, 84, 572, 168], "classname": "hijab_niqab", "Confidence": 1, "Attributes": {}}, {"isProtected": false, "ID": 210178908827508128, "BoundingBox": [493, 88, 568, 165], "classname": "face_with_mask", "Confidence": 1, "Attributes": {}}, {"isProtected": false, "ID": 432574370172713152, "BoundingBox": [18, 67, 106, 109], "classname": "hat", "Confidence": 1, "Attributes": {}}, {"isProtected": false, "ID": 984059579669507456, "BoundingBox": [19, 70, 99, 129], "classname": "face_other_covering", "Confidence": 1, "Attributes": {}}]}