{"FileName": "2285.png", "NumOfAnno": 10, "Annotations": [{"isProtected": false, "ID": 6126222009820492, "BoundingBox": [294, 9, 468, 244], "classname": "face_with_mask", "Confidence": 1, "Attributes": {}}, {"isProtected": false, "ID": 851312061980939264, "BoundingBox": [197, 13, 315, 235], "classname": "face_with_mask", "Confidence": 1, "Attributes": {}}, {"isProtected": false, "ID": 570556732535855232, "BoundingBox": [400, 142, 653, 544], "classname": "face_with_mask", "Confidence": 1, "Attributes": {}}, {"isProtected": false, "ID": 155429961942739296, "BoundingBox": [469, 416, 615, 536], "classname": "mask_colorful", "Confidence": 1, "Attributes": {}}, {"isProtected": false, "ID": 639064825454839296, "BoundingBox": [297, 146, 395, 240], "classname": "mask_colorful", "Confidence": 1, "Attributes": {}}, {"isProtected": false, "ID": 410070546225735040, "BoundingBox": [198, 122, 290, 233], "classname": "mask_surgical", "Confidence": 1, "Attributes": {}}, {"isProtected": false, "ID": 444525493795310912, "BoundingBox": [431, 356, 518, 460], "classname": "eyeglasses", "Confidence": 1, "Attributes": {}}, {"isProtected": false, "ID": 391318376742301312, "BoundingBox": [406, 144, 647, 397], "classname": "hat", "Confidence": 1, "Attributes": {}}, {"isProtected": false, "ID": 456905178096617024, "BoundingBox": [729, 21, 978, 259], "classname": "face_other_covering", "Confidence": 1, "Attributes": {}}, {"isProtected": false, "ID": 306579241910080256, "BoundingBox": [743, 155, 807, 193], "classname": "eyeglasses", "Confidence": 1, "Attributes": {}}]}