{"FileName": "2286.png", "NumOfAnno": 12, "Annotations": [{"isProtected": false, "ID": 821855491187131136, "BoundingBox": [308, 130, 390, 244], "classname": "face_with_mask", "Confidence": 1, "Attributes": {}}, {"isProtected": false, "ID": 251357839466599616, "BoundingBox": [543, 40, 644, 183], "classname": "face_with_mask", "Confidence": 1, "Attributes": {}}, {"isProtected": false, "ID": 209949723054837728, "BoundingBox": [678, 161, 737, 225], "classname": "face_with_mask", "Confidence": 1, "Attributes": {}}, {"isProtected": false, "ID": 769837610799772800, "BoundingBox": [384, 115, 435, 186], "classname": "face_with_mask", "Confidence": 1, "Attributes": {}}, {"isProtected": false, "ID": 684894739823204992, "BoundingBox": [436, 156, 494, 250], "classname": "face_with_mask", "Confidence": 1, "Attributes": {}}, {"isProtected": false, "ID": 761117676003528704, "BoundingBox": [321, 192, 386, 239], "classname": "mask_surgical", "Confidence": 1, "Attributes": {}}, {"isProtected": false, "ID": 426664220832865728, "BoundingBox": [387, 151, 430, 185], "classname": "mask_surgical", "Confidence": 1, "Attributes": {}}, {"isProtected": false, "ID": 857110842280666496, "BoundingBox": [559, 129, 639, 183], "classname": "mask_surgical", "Confidence": 1, "Attributes": {}}, {"isProtected": false, "ID": 513391843411306816, "BoundingBox": [683, 187, 730, 220], "classname": "mask_surgical", "Confidence": 1, "Attributes": {}}, {"isProtected": false, "ID": 740645187677736192, "BoundingBox": [442, 221, 495, 249], "classname": "mask_surgical", "Confidence": 1, "Attributes": {}}, {"isProtected": false, "ID": 90686583283002160, "BoundingBox": [447, 202, 492, 219], "classname": "eyeglasses", "Confidence": 1, "Attributes": {}}, {"isProtected": false, "ID": 896541290914372352, "BoundingBox": [380, 113, 444, 146], "classname": "hat", "Confidence": 1, "Attributes": {}}]}