{"FileName": "2287.png", "NumOfAnno": 5, "Annotations": [{"isProtected": false, "ID": 618220612166462464, "BoundingBox": [339, 125, 409, 226], "classname": "face_other_covering", "Confidence": 1, "Attributes": {}}, {"isProtected": false, "ID": 385617830710981440, "BoundingBox": [442, 42, 503, 146], "classname": "face_no_mask", "Confidence": 1, "Attributes": {}}, {"isProtected": false, "ID": 695162675477214464, "BoundingBox": [184, 257, 262, 358], "classname": "face_no_mask", "Confidence": 1, "Attributes": {}}, {"isProtected": false, "ID": 778072818099083520, "BoundingBox": [39, 233, 172, 384], "classname": "face_no_mask", "Confidence": 1, "Attributes": {}}, {"isProtected": false, "ID": 485323502084318976, "BoundingBox": [343, 167, 407, 224], "classname": "scarf_bandana", "Confidence": 1, "Attributes": {}}]}