{"FileName": "2288.png", "NumOfAnno": 4, "Annotations": [{"isProtected": false, "ID": 457759672445021376, "BoundingBox": [257, 70, 368, 209], "classname": "face_with_mask", "Confidence": 1, "Attributes": {}}, {"isProtected": false, "ID": 493289957502007296, "BoundingBox": [258, 69, 369, 177], "classname": "hair_net", "Confidence": 1, "Attributes": {}}, {"isProtected": false, "ID": 751784968420408704, "BoundingBox": [266, 146, 324, 211], "classname": "mask_colorful", "Confidence": 1, "Attributes": {}}, {"isProtected": false, "ID": 430388836842588544, "BoundingBox": [256, 94, 339, 133], "classname": "goggles", "Confidence": 1, "Attributes": {}}]}