{"FileName": "2290.png", "NumOfAnno": 7, "Annotations": [{"isProtected": false, "ID": 793029465424488576, "BoundingBox": [5, 174, 65, 241], "classname": "face_with_mask", "Confidence": 1, "Attributes": {}}, {"isProtected": false, "ID": 950561730019019136, "BoundingBox": [26, 215, 60, 239], "classname": "mask_surgical", "Confidence": 1, "Attributes": {}}, {"isProtected": false, "ID": 329853776936867136, "BoundingBox": [252, 167, 271, 193], "classname": "mask_colorful", "Confidence": 1, "Attributes": {}}, {"isProtected": false, "ID": 192195810263822720, "BoundingBox": [243, 127, 300, 197], "classname": "face_with_mask", "Confidence": 1, "Attributes": {}}, {"isProtected": false, "ID": 463988288709463168, "BoundingBox": [682, 150, 708, 171], "classname": "mask_surgical", "Confidence": 1, "Attributes": {}}, {"isProtected": false, "ID": 362812157377803136, "BoundingBox": [676, 122, 716, 171], "classname": "face_with_mask", "Confidence": 1, "Attributes": {}}, {"isProtected": false, "ID": 737592867994151680, "BoundingBox": [672, 118, 713, 147], "classname": "hat", "Confidence": 1, "Attributes": {}}]}