{"FileName": "2292.png", "NumOfAnno": 3, "Annotations": [{"isProtected": false, "ID": 670645948519365760, "BoundingBox": [277, 230, 320, 283], "classname": "face_with_mask", "Confidence": 1, "Attributes": {}}, {"isProtected": false, "ID": 869215835337468032, "BoundingBox": [285, 256, 315, 279], "classname": "mask_surgical", "Confidence": 1, "Attributes": {}}, {"isProtected": false, "ID": 893674626838918528, "BoundingBox": [277, 230, 319, 253], "classname": "hat", "Confidence": 1, "Attributes": {}}]}