{"FileName": "2293.png", "NumOfAnno": 8, "Annotations": [{"isProtected": false, "ID": 257322300921415840, "BoundingBox": [417, 353, 458, 395], "classname": "face_with_mask", "Confidence": 1, "Attributes": {}}, {"isProtected": false, "ID": 203096728346135008, "BoundingBox": [532, 335, 627, 426], "classname": "face_with_mask", "Confidence": 1, "Attributes": {}}, {"isProtected": false, "ID": 692916713845536000, "BoundingBox": [541, 334, 627, 414], "classname": "hat", "Confidence": 1, "Attributes": {}}, {"isProtected": false, "ID": 506954938041931456, "BoundingBox": [424, 364, 453, 390], "classname": "mask_surgical", "Confidence": 1, "Attributes": {}}, {"isProtected": false, "ID": 800427649378367360, "BoundingBox": [531, 384, 576, 426], "classname": "mask_surgical", "Confidence": 1, "Attributes": {}}, {"isProtected": false, "ID": 610375872003946496, "BoundingBox": [384, 312, 418, 358], "classname": "face_no_mask", "Confidence": 1, "Attributes": {}}, {"isProtected": false, "ID": 740188520502523648, "BoundingBox": [687, 384, 724, 420], "classname": "mask_surgical", "Confidence": 1, "Attributes": {}}, {"isProtected": false, "ID": 383536564390953280, "BoundingBox": [680, 340, 759, 427], "classname": "face_with_mask", "Confidence": 1, "Attributes": {}}]}