{"FileName": "2294.png", "NumOfAnno": 8, "Annotations": [{"isProtected": false, "ID": 136003483062288384, "BoundingBox": [136, 69, 191, 157], "classname": "face_with_mask", "Confidence": 1, "Attributes": {}}, {"isProtected": false, "ID": 56175451950648544, "BoundingBox": [383, 87, 444, 162], "classname": "face_with_mask", "Confidence": 1, "Attributes": {}}, {"isProtected": false, "ID": 303382768778953536, "BoundingBox": [136, 116, 190, 157], "classname": "mask_surgical", "Confidence": 1, "Attributes": {}}, {"isProtected": false, "ID": 153266200229732576, "BoundingBox": [383, 124, 444, 162], "classname": "mask_surgical", "Confidence": 1, "Attributes": {}}, {"isProtected": false, "ID": 176889723207937056, "BoundingBox": [99, 34, 148, 115], "classname": "face_with_mask", "Confidence": 1, "Attributes": {}}, {"isProtected": false, "ID": 828223324073145088, "BoundingBox": [258, 94, 298, 135], "classname": "face_with_mask", "Confidence": 1, "Attributes": {}}, {"isProtected": false, "ID": 804888833569346816, "BoundingBox": [98, 87, 137, 112], "classname": "mask_colorful", "Confidence": 1, "Attributes": {}}, {"isProtected": false, "ID": 165965489623691840, "BoundingBox": [262, 118, 298, 134], "classname": "mask_colorful", "Confidence": 1, "Attributes": {}}]}