{"FileName": "2295.png", "NumOfAnno": 6, "Annotations": [{"isProtected": false, "ID": 73762000337916800, "BoundingBox": [392, 6, 524, 221], "classname": "face_with_mask", "Confidence": 1, "Attributes": {}}, {"isProtected": false, "ID": 851050660160949760, "BoundingBox": [159, 54, 305, 236], "classname": "face_with_mask", "Confidence": 1, "Attributes": {}}, {"isProtected": false, "ID": 497901964269566336, "BoundingBox": [59, 73, 155, 206], "classname": "face_with_mask", "Confidence": 1, "Attributes": {}}, {"isProtected": false, "ID": 555638348403523456, "BoundingBox": [60, 135, 139, 199], "classname": "mask_surgical", "Confidence": 1, "Attributes": {}}, {"isProtected": false, "ID": 929467546219993600, "BoundingBox": [175, 145, 276, 230], "classname": "mask_surgical", "Confidence": 1, "Attributes": {}}, {"isProtected": false, "ID": 269217840756588384, "BoundingBox": [395, 68, 524, 219], "classname": "mask_surgical", "Confidence": 1, "Attributes": {}}]}