{"FileName": "2296.png", "NumOfAnno": 3, "Annotations": [{"isProtected": false, "ID": 237879420910425792, "BoundingBox": [373, 15, 546, 199], "classname": "face_with_mask", "Confidence": 1, "Attributes": {}}, {"isProtected": false, "ID": 133392568032700608, "BoundingBox": [382, 96, 485, 196], "classname": "mask_colorful", "Confidence": 1, "Attributes": {}}, {"isProtected": false, "ID": 255759085788962560, "BoundingBox": [374, 17, 546, 150], "classname": "hat", "Confidence": 1, "Attributes": {}}]}