{"FileName": "2297.png", "NumOfAnno": 4, "Annotations": [{"isProtected": false, "ID": 356590375492033664, "BoundingBox": [383, 52, 582, 306], "classname": "face_with_mask", "Confidence": 1, "Attributes": {}}, {"isProtected": false, "ID": 102294716576702528, "BoundingBox": [397, 187, 461, 247], "classname": "mask_surgical", "Confidence": 1, "Attributes": {}}, {"isProtected": false, "ID": 225323010712017984, "BoundingBox": [383, 181, 531, 308], "classname": "face_shield", "Confidence": 1, "Attributes": {}}, {"isProtected": false, "ID": 82273798852145024, "BoundingBox": [609, 0, 710, 48], "classname": "face_no_mask", "Confidence": 1, "Attributes": {}}]}