{"FileName": "2298.png", "NumOfAnno": 8, "Annotations": [{"isProtected": false, "ID": 11424753674870946, "BoundingBox": [257, 107, 394, 271], "classname": "face_with_mask", "Confidence": 1, "Attributes": {}}, {"isProtected": false, "ID": 966211096148332288, "BoundingBox": [578, 49, 647, 178], "classname": "face_with_mask", "Confidence": 1, "Attributes": {}}, {"isProtected": false, "ID": 216111900220056320, "BoundingBox": [466, 133, 552, 233], "classname": "face_with_mask", "Confidence": 1, "Attributes": {}}, {"isProtected": false, "ID": 230259007003869696, "BoundingBox": [276, 180, 378, 262], "classname": "mask_surgical", "Confidence": 1, "Attributes": {}}, {"isProtected": false, "ID": 654462985802833024, "BoundingBox": [518, 189, 548, 226], "classname": "mask_surgical", "Confidence": 1, "Attributes": {}}, {"isProtected": false, "ID": 976714474920775168, "BoundingBox": [586, 122, 648, 175], "classname": "mask_surgical", "Confidence": 1, "Attributes": {}}, {"isProtected": false, "ID": 494492979689414272, "BoundingBox": [0, 209, 67, 315], "classname": "face_with_mask", "Confidence": 1, "Attributes": {}}, {"isProtected": false, "ID": 960387847322231424, "BoundingBox": [4, 251, 55, 307], "classname": "mask_surgical", "Confidence": 1, "Attributes": {}}]}