{"FileName": "2299.png", "NumOfAnno": 10, "Annotations": [{"isProtected": false, "ID": 825741896843063168, "BoundingBox": [357, 68, 418, 146], "classname": "face_with_mask", "Confidence": 1, "Attributes": {}}, {"isProtected": false, "ID": 181447901658600352, "BoundingBox": [377, 120, 415, 145], "classname": "mask_surgical", "Confidence": 1, "Attributes": {}}, {"isProtected": false, "ID": 419982829846129920, "BoundingBox": [158, 118, 181, 143], "classname": "mask_surgical", "Confidence": 1, "Attributes": {}}, {"isProtected": false, "ID": 782682744768329088, "BoundingBox": [158, 90, 212, 142], "classname": "face_with_mask", "Confidence": 1, "Attributes": {}}, {"isProtected": false, "ID": 803480701532943104, "BoundingBox": [171, 90, 212, 127], "classname": "hat", "Confidence": 1, "Attributes": {}}, {"isProtected": false, "ID": 16148404510438530, "BoundingBox": [358, 69, 412, 114], "classname": "hat", "Confidence": 1, "Attributes": {}}, {"isProtected": false, "ID": 349067725850054720, "BoundingBox": [380, 108, 414, 122], "classname": "eyeglasses", "Confidence": 1, "Attributes": {}}, {"isProtected": false, "ID": 912157900056343552, "BoundingBox": [1, 91, 33, 148], "classname": "face_with_mask", "Confidence": 1, "Attributes": {}}, {"isProtected": false, "ID": 916045429842501760, "BoundingBox": [0, 90, 31, 130], "classname": "hat", "Confidence": 1, "Attributes": {}}, {"isProtected": false, "ID": 935000833504719232, "BoundingBox": [0, 119, 33, 149], "classname": "mask_surgical", "Confidence": 1, "Attributes": {}}]}