{"FileName": "2300.png", "NumOfAnno": 4, "Annotations": [{"isProtected": false, "ID": 783629207387816448, "BoundingBox": [1, 1, 666, 616], "classname": "face_with_mask", "Confidence": 1, "Attributes": {}}, {"isProtected": false, "ID": 428398219513032000, "BoundingBox": [50, 184, 567, 363], "classname": "eyeglasses", "Confidence": 1, "Attributes": {}}, {"isProtected": false, "ID": 820417690848105216, "BoundingBox": [7, 17, 665, 614], "classname": "face_shield", "Confidence": 1, "Attributes": {}}, {"isProtected": false, "ID": 262189193634654752, "BoundingBox": [42, 281, 527, 610], "classname": "mask_colorful", "Confidence": 1, "Attributes": {}}]}