{"FileName": "2301.png", "NumOfAnno": 3, "Annotations": [{"isProtected": false, "ID": 442164136317762048, "BoundingBox": [33, 39, 498, 378], "classname": "face_other_covering", "Confidence": 1, "Attributes": {}}, {"isProtected": false, "ID": 853856644712077056, "BoundingBox": [129, 156, 342, 264], "classname": "sunglasses", "Confidence": 1, "Attributes": {}}, {"isProtected": false, "ID": 651801844648556288, "BoundingBox": [29, 35, 498, 357], "classname": "hat", "Confidence": 1, "Attributes": {}}]}