{"FileName": "2305.png", "NumOfAnno": 6, "Annotations": [{"isProtected": false, "ID": 993154978102167680, "BoundingBox": [324, 64, 467, 238], "classname": "face_other_covering", "Confidence": 1, "Attributes": {}}, {"isProtected": false, "ID": 386383401064366080, "BoundingBox": [13, 21, 230, 269], "classname": "face_other_covering", "Confidence": 1, "Attributes": {}}, {"isProtected": false, "ID": 967097629748183424, "BoundingBox": [29, 60, 218, 207], "classname": "goggles", "Confidence": 1, "Attributes": {}}, {"isProtected": false, "ID": 669333996513064320, "BoundingBox": [16, 21, 230, 188], "classname": "helmet", "Confidence": 1, "Attributes": {}}, {"isProtected": false, "ID": 894554803349306496, "BoundingBox": [327, 62, 466, 132], "classname": "hat", "Confidence": 1, "Attributes": {}}, {"isProtected": false, "ID": 719719957734800896, "BoundingBox": [339, 144, 457, 178], "classname": "sunglasses", "Confidence": 1, "Attributes": {}}]}