{"FileName": "2309.png", "NumOfAnno": 4, "Annotations": [{"isProtected": false, "ID": 240167241799969280, "BoundingBox": [239, 9, 512, 318], "classname": "face_with_mask", "Confidence": 1, "Attributes": {}}, {"isProtected": false, "ID": 447662010585630848, "BoundingBox": [246, 51, 495, 314], "classname": "face_shield", "Confidence": 1, "Attributes": {}}, {"isProtected": false, "ID": 487743100692726528, "BoundingBox": [297, 110, 445, 232], "classname": "mask_surgical", "Confidence": 1, "Attributes": {}}, {"isProtected": false, "ID": 376860947331310912, "BoundingBox": [285, 7, 490, 120], "classname": "hair_net", "Confidence": 1, "Attributes": {}}]}