{"FileName": "2310.png", "NumOfAnno": 3, "Annotations": [{"isProtected": false, "ID": 81768340414106304, "BoundingBox": [213, 169, 325, 299], "classname": "face_other_covering", "Confidence": 1, "Attributes": {}}, {"isProtected": false, "ID": 613664631614999424, "BoundingBox": [171, 168, 346, 299], "classname": "hijab_niqab", "Confidence": 1, "Attributes": {}}, {"isProtected": false, "ID": 166231871773593440, "BoundingBox": [435, 183, 470, 223], "classname": "face_no_mask", "Confidence": 1, "Attributes": {}}]}