{"FileName": "2316.png", "NumOfAnno": 3, "Annotations": [{"isProtected": false, "ID": 714660355971908736, "BoundingBox": [227, 65, 526, 488], "classname": "face_with_mask", "Confidence": 1, "Attributes": {}}, {"isProtected": false, "ID": 536385698485408384, "BoundingBox": [241, 283, 521, 482], "classname": "mask_colorful", "Confidence": 1, "Attributes": {}}, {"isProtected": false, "ID": 239393552463924800, "BoundingBox": [229, 233, 518, 331], "classname": "sunglasses", "Confidence": 1, "Attributes": {}}]}