{"FileName": "2318.png", "NumOfAnno": 7, "Annotations": [{"isProtected": false, "ID": 362388485664534720, "BoundingBox": [894, 6, 1270, 388], "classname": "face_other_covering", "Confidence": 1, "Attributes": {}}, {"isProtected": false, "ID": 832729173389455488, "BoundingBox": [50, 128, 320, 420], "classname": "face_other_covering", "Confidence": 1, "Attributes": {}}, {"isProtected": false, "ID": 191334989844249, "BoundingBox": [134, 251, 324, 371], "classname": "goggles", "Confidence": 1, "Attributes": {}}, {"isProtected": false, "ID": 207279570499955808, "BoundingBox": [896, 129, 1093, 270], "classname": "goggles", "Confidence": 1, "Attributes": {}}, {"isProtected": false, "ID": 663949021555850752, "BoundingBox": [911, 0, 1273, 237], "classname": "helmet", "Confidence": 1, "Attributes": {}}, {"isProtected": false, "ID": 295853726622895680, "BoundingBox": [44, 121, 326, 336], "classname": "helmet", "Confidence": 1, "Attributes": {}}, {"isProtected": false, "ID": 87742511759837056, "BoundingBox": [946, 142, 1252, 505], "classname": "scarf_bandana", "Confidence": 1, "Attributes": {}}]}