{"FileName": "2320.png", "NumOfAnno": 4, "Annotations": [{"isProtected": false, "ID": 43631195378775464, "BoundingBox": [180, 154, 273, 264], "classname": "face_with_mask", "Confidence": 1, "Attributes": {}}, {"isProtected": false, "ID": 399341202721595584, "BoundingBox": [180, 220, 252, 265], "classname": "mask_colorful", "Confidence": 1, "Attributes": {}}, {"isProtected": false, "ID": 589090188661271936, "BoundingBox": [178, 203, 230, 228], "classname": "sunglasses", "Confidence": 1, "Attributes": {}}, {"isProtected": false, "ID": 808664335807191552, "BoundingBox": [180, 152, 273, 202], "classname": "turban", "Confidence": 1, "Attributes": {}}]}