{"FileName": "2322.png", "NumOfAnno": 7, "Annotations": [{"isProtected": false, "ID": 844343731030059520, "BoundingBox": [679, 11, 753, 91], "classname": "face_with_mask", "Confidence": 1, "Attributes": {}}, {"isProtected": false, "ID": 106818676987083472, "BoundingBox": [415, 5, 519, 105], "classname": "face_with_mask", "Confidence": 1, "Attributes": {}}, {"isProtected": false, "ID": 848724448739599488, "BoundingBox": [460, 49, 521, 105], "classname": "mask_surgical", "Confidence": 1, "Attributes": {}}, {"isProtected": false, "ID": 367747877780575616, "BoundingBox": [413, 4, 534, 45], "classname": "hat", "Confidence": 1, "Attributes": {}}, {"isProtected": false, "ID": 129428956248550112, "BoundingBox": [707, 44, 752, 89], "classname": "mask_surgical", "Confidence": 1, "Attributes": {}}, {"isProtected": false, "ID": 850801074234432256, "BoundingBox": [531, 2, 582, 64], "classname": "face_no_mask", "Confidence": 1, "Attributes": {}}, {"isProtected": false, "ID": 356681074354565632, "BoundingBox": [74, 42, 166, 118], "classname": "face_no_mask", "Confidence": 1, "Attributes": {}}]}