{"FileName": "2325.png", "NumOfAnno": 3, "Annotations": [{"isProtected": false, "ID": 640434033074119808, "BoundingBox": [31, 103, 348, 587], "classname": "face_with_mask", "Confidence": 1, "Attributes": {}}, {"isProtected": false, "ID": 983657796800428032, "BoundingBox": [55, 324, 325, 579], "classname": "mask_colorful", "Confidence": 1, "Attributes": {}}, {"isProtected": false, "ID": 770328455242760832, "BoundingBox": [37, 243, 342, 342], "classname": "sunglasses", "Confidence": 1, "Attributes": {}}]}