{"FileName": "2326.png", "NumOfAnno": 4, "Annotations": [{"isProtected": false, "ID": 465470507012911168, "BoundingBox": [115, 12, 487, 442], "classname": "face_with_mask", "Confidence": 1, "Attributes": {}}, {"isProtected": false, "ID": 540462620224669312, "BoundingBox": [402, 40, 708, 449], "classname": "face_with_mask", "Confidence": 1, "Attributes": {}}, {"isProtected": false, "ID": 915675496513237504, "BoundingBox": [391, 275, 623, 440], "classname": "mask_surgical", "Confidence": 1, "Attributes": {}}, {"isProtected": false, "ID": 148742758524423328, "BoundingBox": [116, 164, 412, 438], "classname": "mask_colorful", "Confidence": 1, "Attributes": {}}]}