{"FileName": "2327.png", "NumOfAnno": 4, "Annotations": [{"isProtected": false, "ID": 705227446702485248, "BoundingBox": [455, 78, 492, 118], "classname": "face_with_mask", "Confidence": 1, "Attributes": {}}, {"isProtected": false, "ID": 283421573000841248, "BoundingBox": [461, 94, 485, 115], "classname": "mask_colorful", "Confidence": 1, "Attributes": {}}, {"isProtected": false, "ID": 451104386618927488, "BoundingBox": [461, 86, 489, 95], "classname": "sunglasses", "Confidence": 1, "Attributes": {}}, {"isProtected": false, "ID": 736521194193689856, "BoundingBox": [448, 74, 501, 96], "classname": "hat", "Confidence": 1, "Attributes": {}}]}