{"FileName": "2336.png", "NumOfAnno": 7, "Annotations": [{"isProtected": false, "ID": 352819125676243648, "BoundingBox": [503, 123, 628, 283], "classname": "face_with_mask", "Confidence": 1, "Attributes": {}}, {"isProtected": false, "ID": 347823567787782976, "BoundingBox": [212, 5, 429, 285], "classname": "face_with_mask", "Confidence": 1, "Attributes": {}}, {"isProtected": false, "ID": 699371564696267520, "BoundingBox": [515, 219, 627, 282], "classname": "mask_surgical", "Confidence": 1, "Attributes": {}}, {"isProtected": false, "ID": 763697664861972736, "BoundingBox": [510, 183, 621, 232], "classname": "eyeglasses", "Confidence": 1, "Attributes": {}}, {"isProtected": false, "ID": 687921865049834240, "BoundingBox": [280, 205, 382, 282], "classname": "gas_mask", "Confidence": 1, "Attributes": {}}, {"isProtected": false, "ID": 3227238343553429, "BoundingBox": [313, 139, 427, 199], "classname": "goggles", "Confidence": 1, "Attributes": {}}, {"isProtected": false, "ID": 691785760362904448, "BoundingBox": [207, 4, 432, 267], "classname": "hood", "Confidence": 1, "Attributes": {}}]}