{"FileName": "2338.png", "NumOfAnno": 3, "Annotations": [{"isProtected": false, "ID": 533617865035245888, "BoundingBox": [234, 2, 463, 313], "classname": "face_with_mask", "Confidence": 1, "Attributes": {}}, {"isProtected": false, "ID": 419235466583868480, "BoundingBox": [243, 94, 452, 303], "classname": "mask_colorful", "Confidence": 1, "Attributes": {}}, {"isProtected": false, "ID": 531257503038647936, "BoundingBox": [203, 0, 515, 341], "classname": "hood", "Confidence": 1, "Attributes": {}}]}