{"FileName": "2340.png", "NumOfAnno": 3, "Annotations": [{"isProtected": false, "ID": 396231799449229120, "BoundingBox": [248, 122, 436, 343], "classname": "face_with_mask", "Confidence": 1, "Attributes": {}}, {"isProtected": false, "ID": 39327612685791992, "BoundingBox": [282, 230, 406, 337], "classname": "mask_colorful", "Confidence": 1, "Attributes": {}}, {"isProtected": false, "ID": 196157901168261024, "BoundingBox": [246, 121, 426, 221], "classname": "hat", "Confidence": 1, "Attributes": {}}]}