{"FileName": "2344.png", "NumOfAnno": 7, "Annotations": [{"isProtected": false, "ID": 863892425946500352, "BoundingBox": [155, 132, 238, 227], "classname": "face_with_mask", "Confidence": 1, "Attributes": {}}, {"isProtected": false, "ID": 678798287346039936, "BoundingBox": [528, 44, 614, 173], "classname": "face_with_mask", "Confidence": 1, "Attributes": {}}, {"isProtected": false, "ID": 904083722969142912, "BoundingBox": [164, 172, 235, 221], "classname": "mask_surgical", "Confidence": 1, "Attributes": {}}, {"isProtected": false, "ID": 954002457790203648, "BoundingBox": [534, 119, 603, 170], "classname": "mask_surgical", "Confidence": 1, "Attributes": {}}, {"isProtected": false, "ID": 400300333991273088, "BoundingBox": [528, 97, 599, 126], "classname": "eyeglasses", "Confidence": 1, "Attributes": {}}, {"isProtected": false, "ID": 527141352245848000, "BoundingBox": [621, 102, 675, 155], "classname": "face_other_covering", "Confidence": 1, "Attributes": {}}, {"isProtected": false, "ID": 907734177767870464, "BoundingBox": [641, 113, 679, 136], "classname": "sunglasses", "Confidence": 1, "Attributes": {}}]}